,src_content_0,att_src_edge_0,src_edge_0,full_src_edge_0,dst_content_0,att_dst_edge_0,dst_edge_0,full_dst_edge_0,att_edge_0,edge_0,full_edge_0,bias_0
0,-1.0058780908584595,1.0,1.4029017686843872,1.4029017686843872,,1.0,,,1.0,0.1303008496761322,0.1303008496761322,-0.32631686329841614
