,src_content_0,src_content_1,att_src_edge_0,src_edge_0,src_edge_1,full_src_edge_0,full_src_edge_1,dst_content_0,att_dst_edge_0,dst_edge_0,full_dst_edge_0,att_edge_0,edge_0,full_edge_0,bias_0
0,1.0,1.0,1.0,-0.9246999025344849,-1.0232468843460083,-0.9246999025344849,-1.0232468843460083,,1.0,,,1.0,-0.24267153441905975,-0.24267153441905975,-0.4536340832710266
