,src_content_0,att_src_edge_0,src_edge_0,full_src_edge_0,dst_content_0,att_dst_edge_0,dst_edge_0,full_dst_edge_0,att_edge_0,edge_0,full_edge_0,bias_0
0,1.0,1.0,-1.4886589050292969,-1.4886589050292969,,1.0,,,1.0,0.11564050614833832,0.11564050614833832,-0.17955920100212097
