,src_content_0,att_src_edge_0,src_edge_0,full_src_edge_0,dst_content_0,att_dst_edge_0,dst_edge_0,full_dst_edge_0,att_edge_0,edge_0,full_edge_0,bias_0
0,1.0,1.0,-0.07907544821500778,-0.07907544821500778,,1.0,,,1.0,0.5590667724609375,0.5590667724609375,-0.6458321213722229
