,src_content_0,src_content_1,att_src_edge_0,src_edge_0,src_edge_1,full_src_edge_0,full_src_edge_1,dst_content_0,att_dst_edge_0,dst_edge_0,full_dst_edge_0,att_edge_0,edge_0,full_edge_0,bias_0
0,1.0,1.0,1.0,-0.5330932140350342,0.16727927327156067,-0.5330932140350342,0.16727927327156067,,1.0,,,1.0,0.5083267092704773,0.5083267092704773,0.28503745794296265
