,src_content_0,att_src_edge_0,src_edge_0,full_src_edge_0,dst_content_0,att_dst_edge_0,dst_edge_0,full_dst_edge_0,att_edge_0,edge_0,full_edge_0,bias_0
0,0.5185555815696716,1.0,0.7662721276283264,0.7662721276283264,,1.0,,,1.0,0.13610032200813293,0.13610032200813293,-0.6697638630867004
