,src_content_0,src_content_1,att_src_edge_0,src_edge_0,src_edge_1,full_src_edge_0,full_src_edge_1,dst_content_0,att_dst_edge_0,dst_edge_0,full_dst_edge_0,att_edge_0,edge_0,full_edge_0,bias_0
0,-1.2781683206558228,-0.4089323580265045,1.0,0.22595122456550598,-0.7792012095451355,0.22595122456550598,-0.7792012095451355,,1.0,,,1.0,0.32150140404701233,0.32150140404701233,-0.19921191036701202
