,train_avg_pred-true,train_avg_MAE,val_avg_pred-true,val_avg_MAE
0,1.9125066013333332,1.9125066013333332,2.18812255,2.18812255
