,src_content_0,src_content_1,att_src_edge_0,src_edge_0,src_edge_1,full_src_edge_0,full_src_edge_1,dst_content_0,att_dst_edge_0,dst_edge_0,full_dst_edge_0,att_edge_0,edge_0,full_edge_0,bias_0
0,0.8330257534980774,0.8049443960189819,1.0,-0.519795835018158,0.7548818588256836,-0.519795835018158,0.7548818588256836,,1.0,,,1.0,0.4820108711719513,0.4820108711719513,-0.4690082371234894
