,src_content_0,src_content_1,att_src_edge_0,src_edge_0,src_edge_1,full_src_edge_0,full_src_edge_1,dst_content_0,att_dst_edge_0,dst_edge_0,full_dst_edge_0,att_edge_0,edge_0,full_edge_0,bias_0
0,-1.3039196729660034,0.1644463837146759,1.0,0.4793813228607178,0.19361478090286255,0.4793813228607178,0.19361478090286255,,1.0,,,1.0,-0.3116750717163086,-0.3116750717163086,
