,src_content_0,src_content_1,att_src_edge_0,src_edge_0,src_edge_1,full_src_edge_0,full_src_edge_1,dst_content_0,att_dst_edge_0,dst_edge_0,full_dst_edge_0,att_edge_0,edge_0,full_edge_0,bias_0
0,1.0,1.0,1.0,0.22815406322479248,0.13750943541526794,0.22815406322479248,0.13750943541526794,,1.0,,,1.0,-0.0009560121106915176,-0.0009560121106915176,0.4772518575191498
