,src_content_0,att_src_edge_0,src_edge_0,full_src_edge_0,dst_content_0,att_dst_edge_0,dst_edge_0,full_dst_edge_0,att_edge_0,edge_0,full_edge_0,bias_0
0,0.8007357716560364,1.0,-1.3039016723632812,-1.3039016723632812,,1.0,,,1.0,0.03632833808660507,0.03632833808660507,-0.5019591450691223
