,train_avg_pred-true,train_avg_MAE,val_avg_pred-true,val_avg_MAE
0,0.8671822459999999,0.8671822459999999,1.66377994,1.66377994
