,train_avg_pred-true,train_avg_MAE,val_avg_pred-true,val_avg_MAE
0,0.9680173748000002,0.9680173748000002,1.300773388,1.300773388
