,src_content_0,att_src_edge_0,src_edge_0,full_src_edge_0,dst_content_0,att_dst_edge_0,dst_edge_0,full_dst_edge_0,att_edge_0,edge_0,full_edge_0,bias_0
0,0.5717068314552307,1.0,-0.950816810131073,-0.950816810131073,,1.0,,,1.0,0.4315476417541504,0.4315476417541504,-0.5110724568367004
