,src_content_0,src_content_1,att_src_edge_0,src_edge_0,src_edge_1,full_src_edge_0,full_src_edge_1,dst_content_0,att_dst_edge_0,dst_edge_0,full_dst_edge_0,att_edge_0,edge_0,full_edge_0,bias_0
0,-1.216890573501587,-0.9114271402359009,1.0,1.481762170791626,0.17140725255012512,1.481762170791626,0.17140725255012512,,1.0,,,1.0,0.3391154110431671,0.3391154110431671,-0.23176276683807373
