,train_avg_pred-true,train_avg_MAE,val_avg_pred-true,val_avg_MAE
0,1.2093926080000001,1.2989879480000002,0.005066954999999984,0.527157745
