,train_avg_pred-true,train_avg_MAE,val_avg_pred-true,val_avg_MAE
0,0.16562172149999999,0.318386968,-0.009075167749999974,0.38115684974999997
