,src_content_0,att_src_edge_0,src_edge_0,full_src_edge_0,dst_content_0,att_dst_edge_0,dst_edge_0,full_dst_edge_0,att_edge_0,edge_0,full_edge_0,bias_0
0,1.0,1.0,0.2191767543554306,0.2191767543554306,,1.0,,,1.0,0.7172548174858093,0.7172548174858093,-0.6269140243530273
