,src_content_0,src_content_1,att_src_edge_0,src_edge_0,src_edge_1,full_src_edge_0,full_src_edge_1,dst_content_0,att_dst_edge_0,dst_edge_0,full_dst_edge_0,att_edge_0,edge_0,full_edge_0,bias_0
0,-0.636684775352478,1.5341132879257202,1.0,-0.9291433691978455,-0.6756327152252197,-0.9291433691978455,-0.6756327152252197,,1.0,,,1.0,-0.03541277348995209,-0.03541277348995209,
