,param_0,param_1
0,-1.4425193163055268,0.42253210290942156
