,param_0,param_1
0,-0.10531657078668,0.795336577207968
