,src_content_0,src_content_1,att_src_edge_0,src_edge_0,src_edge_1,full_src_edge_0,full_src_edge_1,dst_content_0,att_dst_edge_0,dst_edge_0,full_dst_edge_0,att_edge_0,edge_0,full_edge_0,bias_0
0,0.29290902614593506,0.5405357480049133,1.0,-0.29871484637260437,0.05324602127075195,-0.29871484637260437,0.05324602127075195,,1.0,,,1.0,0.3621669113636017,0.3621669113636017,-0.5964984893798828
