,src_content_0,src_content_1,att_src_edge_0,src_edge_0,src_edge_1,full_src_edge_0,full_src_edge_1,dst_content_0,att_dst_edge_0,dst_edge_0,full_dst_edge_0,att_edge_0,edge_0,full_edge_0,bias_0
0,-0.3272716701030731,0.6146448850631714,1.0,-0.033105798065662384,-0.18115967512130737,-0.033105798065662384,-0.18115967512130737,,1.0,,,1.0,0.008093788288533688,0.008093788288533688,-0.9442137479782104
