,train_avg_pred-true,train_avg_MAE,val_avg_pred-true,val_avg_MAE
0,1.02095585,1.02095585,1.8679710435000003,1.8679710435000003
