,src_content_0,att_src_edge_0,src_edge_0,full_src_edge_0,dst_content_0,att_dst_edge_0,dst_edge_0,full_dst_edge_0,att_edge_0,edge_0,full_edge_0,bias_0
0,-0.986112654209137,1.0,0.43952617049217224,0.43952617049217224,,1.0,,,1.0,1.3330620527267456,1.3330620527267456,0.5839357972145081
