,src_content_0,src_content_1,att_src_edge_0,src_edge_0,src_edge_1,full_src_edge_0,full_src_edge_1,dst_content_0,att_dst_edge_0,dst_edge_0,full_dst_edge_0,att_edge_0,edge_0,full_edge_0,bias_0
0,-0.5913111567497253,0.1622152477502823,1.0,0.19474069774150848,0.04046609252691269,0.19474069774150848,0.04046609252691269,,1.0,,,1.0,0.02682686038315296,0.02682686038315296,-0.8755101561546326
