,src_content_0,src_content_1,att_src_edge_0,src_edge_0,src_edge_1,full_src_edge_0,full_src_edge_1,dst_content_0,att_dst_edge_0,dst_edge_0,full_dst_edge_0,att_edge_0,edge_0,full_edge_0,bias_0
0,-0.13014811277389526,0.11740034073591232,1.0,-0.04342114180326462,-0.010184913873672485,-0.04342114180326462,-0.010184913873672485,,1.0,,,1.0,-0.022120770066976547,-0.022120770066976547,-0.5397189855575562
