,param_0,param_1
0,-0.06709158224896539,1.0850123598693795
