,param_0,param_1
0,-0.5000455186448377,2.3683038222710424
