,src_content_0,src_content_1,att_src_edge_0,src_edge_0,src_edge_1,full_src_edge_0,full_src_edge_1,dst_content_0,att_dst_edge_0,dst_edge_0,full_dst_edge_0,att_edge_0,edge_0,full_edge_0,bias_0
0,2.4216556549072266,2.826669454574585,1.0,0.414242684841156,-1.479703664779663,0.414242684841156,-1.479703664779663,,1.0,,,1.0,3.5033700466156006,3.5033700466156006,
