,src_content_0,src_content_1,att_src_edge_0,src_edge_0,src_edge_1,full_src_edge_0,full_src_edge_1,dst_content_0,att_dst_edge_0,dst_edge_0,full_dst_edge_0,att_edge_0,edge_0,full_edge_0,bias_0
0,-1.542496919631958,-0.5247464776039124,1.0,0.4432065486907959,-0.47313663363456726,0.4432065486907959,-0.47313663363456726,,1.0,,,1.0,0.07219607383012772,0.07219607383012772,
