,src_content_0,src_content_1,att_src_edge_0,src_edge_0,src_edge_1,full_src_edge_0,full_src_edge_1,dst_content_0,att_dst_edge_0,dst_edge_0,full_dst_edge_0,att_edge_0,edge_0,full_edge_0,bias_0
0,-0.5460416674613953,-0.7420415282249451,1.0,0.36163899302482605,-0.6128687858581543,0.36163899302482605,-0.6128687858581543,,1.0,,,1.0,-0.10834436118602753,-0.10834436118602753,
