,src_content_0,src_content_1,att_src_edge_0,src_edge_0,src_edge_1,full_src_edge_0,full_src_edge_1,dst_content_0,att_dst_edge_0,dst_edge_0,full_dst_edge_0,att_edge_0,edge_0,full_edge_0,bias_0
0,-1.0401639938354492,0.471258282661438,1.0,0.9119033813476562,0.08466103672981262,0.9119033813476562,0.08466103672981262,,1.0,,,1.0,0.20234687626361847,0.20234687626361847,
