,src_content_0,att_src_edge_0,src_edge_0,full_src_edge_0,dst_content_0,att_dst_edge_0,dst_edge_0,full_dst_edge_0,att_edge_0,edge_0,full_edge_0,bias_0
0,-0.5936324000358582,1.0,-0.06926678866147995,-0.06926678866147995,,1.0,,,1.0,-0.051467787474393845,-0.051467787474393845,-1.3098154067993164
