,train_avg_pred-true,train_avg_MAE,val_avg_pred-true,val_avg_MAE
0,1.190824280023077,1.2908837815615384,1.2377514178333335,1.3259821678333334
