,src_content_0,att_src_edge_0,src_edge_0,full_src_edge_0,dst_content_0,att_dst_edge_0,dst_edge_0,full_dst_edge_0,att_edge_0,edge_0,full_edge_0,bias_0
0,0.20505313575267792,1.0,-0.39526045322418213,-0.39526045322418213,,1.0,,,1.0,-0.020911384373903275,-0.020911384373903275,
