,src_content_0,att_src_edge_0,src_edge_0,full_src_edge_0,dst_content_0,att_dst_edge_0,dst_edge_0,full_dst_edge_0,att_edge_0,edge_0,full_edge_0,bias_0
0,-0.6147845983505249,1.0,-1.1246579885482788,-1.1246579885482788,,1.0,,,1.0,-0.2925306260585785,-0.2925306260585785,-1.3476471900939941
