,src_content_0,src_content_1,att_src_edge_0,src_edge_0,src_edge_1,full_src_edge_0,full_src_edge_1,dst_content_0,att_dst_edge_0,dst_edge_0,full_dst_edge_0,att_edge_0,edge_0,full_edge_0,bias_0
0,-0.6732091307640076,-0.01709582656621933,1.0,0.22552689909934998,-1.7490895986557007,0.22552689909934998,-1.7490895986557007,,1.0,,,1.0,0.08826707303524017,0.08826707303524017,
