,param_0,param_1
0,-0.06219270665109272,1.180158657648566
