,param_0,param_1
0,0.3177019268203156,3.8013491711972844
