,train_avg_pred-true,train_avg_MAE,val_avg_pred-true,val_avg_MAE
0,0.4634236034999999,1.6302554751666667,1.2134032025,1.7034967641666665
