,src_content_0,att_src_edge_0,src_edge_0,full_src_edge_0,dst_content_0,att_dst_edge_0,dst_edge_0,full_dst_edge_0,att_edge_0,edge_0,full_edge_0,bias_0
0,0.2654138505458832,1.0,-0.9923880100250244,-0.9923880100250244,,1.0,,,1.0,0.20649264752864838,0.20649264752864838,-0.4474032521247864
