,param_0,param_1
0,0.13589830717365423,1.3851565783124882
