,train_avg_pred-true,train_avg_MAE,val_avg_pred-true,val_avg_MAE
0,1.1222951912999999,1.4235905952999999,1.0285184862,1.2681028222
