,src_content_0,src_content_1,att_src_edge_0,src_edge_0,src_edge_1,full_src_edge_0,full_src_edge_1,dst_content_0,att_dst_edge_0,dst_edge_0,full_dst_edge_0,att_edge_0,edge_0,full_edge_0,bias_0
0,-0.48617425560951233,0.4787336587905884,1.0,-0.10025501251220703,-0.3545743525028229,-0.10025501251220703,-0.3545743525028229,,1.0,,,1.0,0.01876516081392765,0.01876516081392765,
