,src_content_0,att_src_edge_0,src_edge_0,full_src_edge_0,dst_content_0,att_dst_edge_0,dst_edge_0,full_dst_edge_0,att_edge_0,edge_0,full_edge_0,bias_0
0,-0.3417857587337494,1.0,0.034389566630125046,0.034389566630125046,,1.0,,,1.0,0.44181275367736816,0.44181275367736816,-0.049097590148448944
