,src_content_0,att_src_edge_0,src_edge_0,full_src_edge_0,dst_content_0,att_dst_edge_0,dst_edge_0,full_dst_edge_0,att_edge_0,edge_0,full_edge_0,bias_0
0,0.13136182725429535,1.0,-1.6727913618087769,-1.6727913618087769,,1.0,,,1.0,1.0693848133087158,1.0693848133087158,0.0
