,train_avg_pred-true,train_avg_MAE,val_avg_pred-true,val_avg_MAE
0,-0.06617307562499997,0.951001485625,-0.46888342499999996,0.46888342499999996
