,src_content_0,att_src_edge_0,src_edge_0,full_src_edge_0,dst_content_0,att_dst_edge_0,dst_edge_0,full_dst_edge_0,att_edge_0,edge_0,full_edge_0,bias_0
0,0.7300410866737366,1.0,0.3123615086078644,0.3123615086078644,,1.0,,,1.0,0.8196533918380737,0.8196533918380737,-0.27185291051864624
