,src_content_0,att_src_edge_0,src_edge_0,full_src_edge_0,dst_content_0,att_dst_edge_0,dst_edge_0,full_dst_edge_0,att_edge_0,edge_0,full_edge_0,bias_0
0,0.16365569829940796,1.0,0.8253854513168335,0.8253854513168335,,1.0,,,1.0,0.21622197329998016,0.21622197329998016,
