,src_content_0,att_src_edge_0,src_edge_0,full_src_edge_0,dst_content_0,att_dst_edge_0,dst_edge_0,full_dst_edge_0,att_edge_0,edge_0,full_edge_0,bias_0
0,-0.32712554931640625,1.0,1.1123157739639282,1.1123157739639282,,1.0,,,1.0,0.35981786251068115,0.35981786251068115,
