,src_content_0,att_src_edge_0,src_edge_0,full_src_edge_0,dst_content_0,att_dst_edge_0,dst_edge_0,full_dst_edge_0,att_edge_0,edge_0,full_edge_0,bias_0
0,0.10638885200023651,1.0,1.0150763988494873,1.0150763988494873,,1.0,,,1.0,0.4536758065223694,0.4536758065223694,-0.7283611297607422
