,src_content_0,att_src_edge_0,src_edge_0,full_src_edge_0,dst_content_0,att_dst_edge_0,dst_edge_0,full_dst_edge_0,att_edge_0,edge_0,full_edge_0,bias_0
0,-0.7718225121498108,1.0,0.8851937651634216,0.8851937651634216,,1.0,,,1.0,0.12342454493045807,0.12342454493045807,-0.7476766705513
