,src_content_0,att_src_edge_0,src_edge_0,full_src_edge_0,dst_content_0,att_dst_edge_0,dst_edge_0,full_dst_edge_0,att_edge_0,edge_0,full_edge_0,bias_0
0,0.8190568089485168,1.0,-1.0120975971221924,-1.0120975971221924,,1.0,,,1.0,0.13875897228717804,0.13875897228717804,-0.5145097374916077
