,param_0,param_1
0,0.6836676805918828,-0.10233293631146134
