,train_avg_pred-true,train_avg_MAE,val_avg_pred-true,val_avg_MAE
0,1.4248006159999997,1.4248006159999997,1.47849532,1.47849532
