,src_content_0,src_content_1,att_src_edge_0,src_edge_0,src_edge_1,full_src_edge_0,full_src_edge_1,dst_content_0,att_dst_edge_0,dst_edge_0,full_dst_edge_0,att_edge_0,edge_0,full_edge_0,bias_0
0,1.0,1.0,1.0,-0.1218758299946785,-0.05108768492937088,-0.1218758299946785,-0.05108768492937088,,1.0,,,1.0,0.1102011576294899,0.1102011576294899,-0.35758793354034424
