,src_content_0,att_src_edge_0,src_edge_0,full_src_edge_0,dst_content_0,att_dst_edge_0,dst_edge_0,full_dst_edge_0,att_edge_0,edge_0,full_edge_0,bias_0
0,1.0,1.0,0.024551764130592346,0.024551764130592346,,1.0,,,1.0,-0.15237510204315186,-0.15237510204315186,-1.2178436517715454
