,src_content_0,src_content_1,att_src_edge_0,src_edge_0,src_edge_1,full_src_edge_0,full_src_edge_1,dst_content_0,att_dst_edge_0,dst_edge_0,full_dst_edge_0,att_edge_0,edge_0,full_edge_0,bias_0
0,-0.2256181836128235,1.3995001316070557,1.0,0.04459904506802559,-0.16714604198932648,0.04459904506802559,-0.16714604198932648,,1.0,,,1.0,0.010888943448662758,0.010888943448662758,
