,src_content_0,att_src_edge_0,src_edge_0,full_src_edge_0,dst_content_0,att_dst_edge_0,dst_edge_0,full_dst_edge_0,att_edge_0,edge_0,full_edge_0,bias_0
0,0.5261492133140564,1.0,0.02032025158405304,0.02032025158405304,,1.0,,,1.0,0.04850023612380028,0.04850023612380028,
