,train_avg_pred-true,train_avg_MAE,val_avg_pred-true,val_avg_MAE
0,0.920515666,1.1314984300000002,0.342959215,0.34842828499999995
