,src_content_0,att_src_edge_0,src_edge_0,full_src_edge_0,dst_content_0,att_dst_edge_0,dst_edge_0,full_dst_edge_0,att_edge_0,edge_0,full_edge_0,bias_0
0,1.0,1.0,-1.0606733560562134,-1.0606733560562134,,1.0,,,1.0,0.6279798746109009,0.6279798746109009,0.17126597464084625
