,train_avg_pred-true,train_avg_MAE,val_avg_pred-true,val_avg_MAE
0,0.6679320059999999,1.064819134,0.353931385,0.8500402749999999
