,src_content_0,src_content_1,att_src_edge_0,src_edge_0,src_edge_1,full_src_edge_0,full_src_edge_1,dst_content_0,att_dst_edge_0,dst_edge_0,full_dst_edge_0,att_edge_0,edge_0,full_edge_0,bias_0
0,-1.1485035419464111,0.08901570737361908,1.0,1.313651204109192,0.6885347962379456,1.313651204109192,0.6885347962379456,,1.0,,,1.0,-0.02163541316986084,-0.02163541316986084,
