,src_content_0,att_src_edge_0,src_edge_0,full_src_edge_0,dst_content_0,att_dst_edge_0,dst_edge_0,full_dst_edge_0,att_edge_0,edge_0,full_edge_0,bias_0
0,-0.6163474917411804,1.0,0.4257150888442993,0.4257150888442993,,1.0,,,1.0,0.002259987173601985,0.002259987173601985,-1.145151972770691
