,src_content_0,src_content_1,att_src_edge_0,src_edge_0,src_edge_1,full_src_edge_0,full_src_edge_1,dst_content_0,att_dst_edge_0,dst_edge_0,full_dst_edge_0,att_edge_0,edge_0,full_edge_0,bias_0
0,-1.0941624641418457,0.41007307171821594,1.0,0.0361270047724247,-0.10386668890714645,0.0361270047724247,-0.10386668890714645,,1.0,,,1.0,-0.06932355463504791,-0.06932355463504791,
