,src_content_0,src_content_1,att_src_edge_0,src_edge_0,src_edge_1,full_src_edge_0,full_src_edge_1,dst_content_0,att_dst_edge_0,dst_edge_0,full_dst_edge_0,att_edge_0,edge_0,full_edge_0,bias_0
0,-0.3640159070491791,0.8641458749771118,1.0,0.2032063752412796,0.6938096284866333,0.2032063752412796,0.6938096284866333,,1.0,,,1.0,0.5329459309577942,0.5329459309577942,0.05828673765063286
