,src_content_0,src_content_1,att_src_edge_0,src_edge_0,src_edge_1,full_src_edge_0,full_src_edge_1,dst_content_0,att_dst_edge_0,dst_edge_0,full_dst_edge_0,att_edge_0,edge_0,full_edge_0,bias_0
0,1.0738059282302856,0.7562479376792908,1.0,-0.5528641939163208,-1.707255244255066,-0.5528641939163208,-1.707255244255066,,1.0,,,1.0,0.5498644113540649,0.5498644113540649,
