,train_avg_pred-true,train_avg_MAE,val_avg_pred-true,val_avg_MAE
0,1.6688216132499998,1.9814105757499998,3.0250543,3.0250543
