,src_content_0,att_src_edge_0,src_edge_0,full_src_edge_0,dst_content_0,att_dst_edge_0,dst_edge_0,full_dst_edge_0,att_edge_0,edge_0,full_edge_0,bias_0
0,0.9426552057266235,1.0,1.6172715425491333,1.6172715425491333,,1.0,,,1.0,-0.025942333042621613,-0.025942333042621613,0.0
