,src_content_0,src_content_1,att_src_edge_0,src_edge_0,src_edge_1,full_src_edge_0,full_src_edge_1,dst_content_0,att_dst_edge_0,dst_edge_0,full_dst_edge_0,att_edge_0,edge_0,full_edge_0,bias_0
0,1.0,1.0,1.0,-1.382144570350647,-0.6014722585678101,-1.382144570350647,-0.6014722585678101,,1.0,,,1.0,0.1939191073179245,0.1939191073179245,-0.8594953417778015
