,src_content_0,att_src_edge_0,src_edge_0,full_src_edge_0,dst_content_0,att_dst_edge_0,dst_edge_0,full_dst_edge_0,att_edge_0,edge_0,full_edge_0,bias_0
0,1.0,1.0,-0.4969840347766876,-0.4969840347766876,,1.0,,,1.0,0.06067603826522827,0.06067603826522827,-0.9441657662391663
