,src_content_0,src_content_1,att_src_edge_0,src_edge_0,src_edge_1,full_src_edge_0,full_src_edge_1,dst_content_0,att_dst_edge_0,dst_edge_0,full_dst_edge_0,att_edge_0,edge_0,full_edge_0,bias_0
0,1.0,1.0,1.0,-0.9874818921089172,0.5414438843727112,-0.9874818921089172,0.5414438843727112,,1.0,,,1.0,1.0639011859893799,1.0639011859893799,0.13251495361328125
