,src_content_0,att_src_edge_0,src_edge_0,full_src_edge_0,dst_content_0,att_dst_edge_0,dst_edge_0,full_dst_edge_0,att_edge_0,edge_0,full_edge_0,bias_0
0,0.28134822845458984,1.0,-0.022547857835888863,-0.022547857835888863,,1.0,,,1.0,0.3658115863800049,0.3658115863800049,0.0
