,param_0,param_1
0,-0.16879733124912388,2.417827448196635
