,train_avg_pred-true,train_avg_MAE,val_avg_pred-true,val_avg_MAE
0,0.8558383038,0.9856635503000001,0.19998971666666665,1.1881741300000002
