,train_avg_pred-true,train_avg_MAE,val_avg_pred-true,val_avg_MAE
0,0.7417433320000001,1.182191248,0.012100234999999987,0.036300635
