,src_content_0,src_content_1,att_src_edge_0,src_edge_0,src_edge_1,full_src_edge_0,full_src_edge_1,dst_content_0,att_dst_edge_0,dst_edge_0,full_dst_edge_0,att_edge_0,edge_0,full_edge_0,bias_0
0,1.0,1.0,1.0,-1.2554796934127808,-0.045241739600896835,-1.2554796934127808,-0.045241739600896835,,1.0,,,1.0,0.16008704900741577,0.16008704900741577,-0.7193378210067749
