,src_content_0,att_src_edge_0,src_edge_0,full_src_edge_0,dst_content_0,att_dst_edge_0,dst_edge_0,full_dst_edge_0,att_edge_0,edge_0,full_edge_0,bias_0
0,0.41443586349487305,1.0,-0.16106756031513214,-0.16106756031513214,,1.0,,,1.0,0.4269114136695862,0.4269114136695862,
