,src_content_0,att_src_edge_0,src_edge_0,full_src_edge_0,dst_content_0,att_dst_edge_0,dst_edge_0,full_dst_edge_0,att_edge_0,edge_0,full_edge_0,bias_0
0,-0.41139933466911316,1.0,0.5774149298667908,0.5774149298667908,,1.0,,,1.0,-0.25139695405960083,-0.25139695405960083,
