,train_avg_pred-true,train_avg_MAE,val_avg_pred-true,val_avg_MAE
0,1.9864524375000001,2.1427468875,2.391053464,2.391053464
