,train_avg_pred-true,train_avg_MAE,val_avg_pred-true,val_avg_MAE
0,1.194896473,1.2578176070000002,0.9801176119999999,1.0914396119999998
