,param_0,param_1
0,-0.05184466840917177,0.9270800304513477
