,train_avg_pred-true,train_avg_MAE,val_avg_pred-true,val_avg_MAE
0,0.35846891389999996,0.8011352198999999,0.8117228925,0.8117228925
