,src_content_0,att_src_edge_0,src_edge_0,full_src_edge_0,dst_content_0,att_dst_edge_0,dst_edge_0,full_dst_edge_0,att_edge_0,edge_0,full_edge_0,bias_0
0,1.3915398120880127,1.0,-0.9840726256370544,-0.9840726256370544,,1.0,,,1.0,0.04601508751511574,0.04601508751511574,
