,train_avg_pred-true,train_avg_MAE,val_avg_pred-true,val_avg_MAE
0,1.491626823909091,1.491626823909091,1.513737208,1.513737208
