,train_avg_pred-true,train_avg_MAE,val_avg_pred-true,val_avg_MAE
0,0.8747448809999999,0.8747448809999999,0.98314267,0.98314267
