,src_content_0,src_content_1,att_src_edge_0,src_edge_0,src_edge_1,full_src_edge_0,full_src_edge_1,dst_content_0,att_dst_edge_0,dst_edge_0,full_dst_edge_0,att_edge_0,edge_0,full_edge_0,bias_0
0,-0.6154142022132874,0.08367879688739777,1.0,1.3404836654663086,-0.44568946957588196,1.3404836654663086,-0.44568946957588196,,1.0,,,1.0,0.08486838638782501,0.08486838638782501,-0.6355910301208496
