,train_avg_pred-true,train_avg_MAE,val_avg_pred-true,val_avg_MAE
0,1.3360656916666667,1.3360656916666667,2.0318281866666665,2.0318281866666665
