,src_content_0,src_content_1,att_src_edge_0,src_edge_0,src_edge_1,full_src_edge_0,full_src_edge_1,dst_content_0,att_dst_edge_0,dst_edge_0,full_dst_edge_0,att_edge_0,edge_0,full_edge_0,bias_0
0,-0.2548288404941559,0.12064886838197708,1.0,0.029542289674282074,0.006960395257920027,0.029542289674282074,0.006960395257920027,,1.0,,,1.0,0.040950022637844086,0.040950022637844086,-0.43551507592201233
