,param_0,param_1
0,-0.2398589366444705,3.8628394951925533
