,train_avg_pred-true,train_avg_MAE,val_avg_pred-true,val_avg_MAE
0,1.0201802216666667,1.0201802216666667,0.7277582875,0.7277582875
