,src_content_0,att_src_edge_0,src_edge_0,full_src_edge_0,dst_content_0,att_dst_edge_0,dst_edge_0,full_dst_edge_0,att_edge_0,edge_0,full_edge_0,bias_0
0,1.0,1.0,0.10352925956249237,0.10352925956249237,,1.0,,,1.0,0.6020805239677429,0.6020805239677429,-0.9479923248291016
