,src_content_0,att_src_edge_0,src_edge_0,full_src_edge_0,dst_content_0,att_dst_edge_0,dst_edge_0,full_dst_edge_0,att_edge_0,edge_0,full_edge_0,bias_0
0,-0.3603637218475342,1.0,-0.7310312986373901,-0.7310312986373901,,1.0,,,1.0,0.1734188050031662,0.1734188050031662,-0.28440162539482117
