,src_content_0,src_content_1,att_src_edge_0,src_edge_0,src_edge_1,full_src_edge_0,full_src_edge_1,dst_content_0,att_dst_edge_0,dst_edge_0,full_dst_edge_0,att_edge_0,edge_0,full_edge_0,bias_0
0,1.0,1.0,1.0,-0.007294797338545322,-0.7576150298118591,-0.007294797338545322,-0.7576150298118591,,1.0,,,1.0,0.7136685848236084,0.7136685848236084,-0.4647965133190155
