,param_0,param_1
0,1.858075931193381,2.3601636858959867
