,src_content_0,att_src_edge_0,src_edge_0,full_src_edge_0,dst_content_0,att_dst_edge_0,dst_edge_0,full_dst_edge_0,att_edge_0,edge_0,full_edge_0,bias_0
0,-0.49685946106910706,1.0,1.0413093566894531,1.0413093566894531,,1.0,,,1.0,0.08394801616668701,0.08394801616668701,-0.6117169260978699
