,src_content_0,att_src_edge_0,src_edge_0,full_src_edge_0,dst_content_0,att_dst_edge_0,dst_edge_0,full_dst_edge_0,att_edge_0,edge_0,full_edge_0,bias_0
0,3.0033349990844727,1.0,-0.49697360396385193,-0.49697360396385193,,1.0,,,1.0,4.299291133880615,4.299291133880615,-0.2620035707950592
