,src_content_0,src_content_1,att_src_edge_0,src_edge_0,src_edge_1,full_src_edge_0,full_src_edge_1,dst_content_0,att_dst_edge_0,dst_edge_0,full_dst_edge_0,att_edge_0,edge_0,full_edge_0,bias_0
0,1.0,1.0,1.0,-0.3234826326370239,0.03695493936538696,-0.3234826326370239,0.03695493936538696,,1.0,,,1.0,0.3311871290206909,0.3311871290206909,-0.4300183951854706
