,src_content_0,att_src_edge_0,src_edge_0,full_src_edge_0,dst_content_0,att_dst_edge_0,dst_edge_0,full_dst_edge_0,att_edge_0,edge_0,full_edge_0,bias_0
0,0.6660171151161194,1.0,-0.26801756024360657,-0.26801756024360657,,1.0,,,1.0,0.33052557706832886,0.33052557706832886,-0.48394736647605896
