,src_content_0,att_src_edge_0,src_edge_0,full_src_edge_0,dst_content_0,att_dst_edge_0,dst_edge_0,full_dst_edge_0,att_edge_0,edge_0,full_edge_0,bias_0
0,0.9633100032806396,1.0,0.17712827026844025,0.17712827026844025,,1.0,,,1.0,-1.3108676671981812,-1.3108676671981812,-0.5078989267349243
