,src_content_0,att_src_edge_0,src_edge_0,full_src_edge_0,dst_content_0,att_dst_edge_0,dst_edge_0,full_dst_edge_0,att_edge_0,edge_0,full_edge_0,bias_0
0,-0.20485477149486542,1.0,0.9319584965705872,0.9319584965705872,,1.0,,,1.0,0.5805342197418213,0.5805342197418213,0.0
