,src_content_0,src_content_1,att_src_edge_0,src_edge_0,src_edge_1,full_src_edge_0,full_src_edge_1,dst_content_0,att_dst_edge_0,dst_edge_0,full_dst_edge_0,att_edge_0,edge_0,full_edge_0,bias_0
0,-0.2873534858226776,0.03857766464352608,1.0,-0.015078086405992508,-0.00031276640947908163,-0.015078086405992508,-0.00031276640947908163,,1.0,,,1.0,-0.004744435660541058,-0.004744435660541058,
