,train_avg_pred-true,train_avg_MAE,val_avg_pred-true,val_avg_MAE
0,0.5953306818999999,0.8203947319000001,0.32216825,0.8455026649999999
