,src_content_0,att_src_edge_0,src_edge_0,full_src_edge_0,dst_content_0,att_dst_edge_0,dst_edge_0,full_dst_edge_0,att_edge_0,edge_0,full_edge_0,bias_0
0,1.0,1.0,-0.713608980178833,-0.713608980178833,,1.0,,,1.0,0.049448318779468536,0.049448318779468536,-0.8289839029312134
