,src_content_0,src_content_1,att_src_edge_0,src_edge_0,src_edge_1,full_src_edge_0,full_src_edge_1,dst_content_0,att_dst_edge_0,dst_edge_0,full_dst_edge_0,att_edge_0,edge_0,full_edge_0,bias_0
0,1.0,1.0,1.0,-0.6291872262954712,0.26241761445999146,-0.6291872262954712,0.26241761445999146,,1.0,,,1.0,0.12976236641407013,0.12976236641407013,0.24063996970653534
