,src_content_0,src_content_1,att_src_edge_0,src_edge_0,src_edge_1,full_src_edge_0,full_src_edge_1,dst_content_0,att_dst_edge_0,dst_edge_0,full_dst_edge_0,att_edge_0,edge_0,full_edge_0,bias_0
0,1.0,1.0,1.0,-0.620266318321228,-1.7531806230545044,-0.620266318321228,-1.7531806230545044,,1.0,,,1.0,0.0530555285513401,0.0530555285513401,-0.46151697635650635
