,src_content_0,src_content_1,att_src_edge_0,src_edge_0,src_edge_1,full_src_edge_0,full_src_edge_1,dst_content_0,att_dst_edge_0,dst_edge_0,full_dst_edge_0,att_edge_0,edge_0,full_edge_0,bias_0
0,1.0,1.0,1.0,-0.10119254887104034,-0.11318119615316391,-0.10119254887104034,-0.11318119615316391,,1.0,,,1.0,-0.012066774070262909,-0.012066774070262909,-0.43901336193084717
