,src_content_0,src_content_1,att_src_edge_0,src_edge_0,src_edge_1,full_src_edge_0,full_src_edge_1,dst_content_0,att_dst_edge_0,dst_edge_0,full_dst_edge_0,att_edge_0,edge_0,full_edge_0,bias_0
0,1.0,1.0,1.0,-0.34493646025657654,-0.14357639849185944,-0.34493646025657654,-0.14357639849185944,,1.0,,,1.0,0.4201383888721466,0.4201383888721466,-0.6801478266716003
