,train_avg_pred-true,train_avg_MAE,val_avg_pred-true,val_avg_MAE
0,1.323101170857143,1.4700323851428572,1.8284773306666666,1.8284773306666666
