,param_0,param_1
0,-1.6406962352375305,-1.9380195852283872
