,src_content_0,att_src_edge_0,src_edge_0,full_src_edge_0,dst_content_0,att_dst_edge_0,dst_edge_0,full_dst_edge_0,att_edge_0,edge_0,full_edge_0,bias_0
0,1.4454467296600342,1.0,0.4820655584335327,0.4820655584335327,,1.0,,,1.0,-0.38386809825897217,-0.38386809825897217,-0.7803351879119873
