,train_avg_pred-true,train_avg_MAE,val_avg_pred-true,val_avg_MAE
0,0.2891809166666667,0.33167565000000004,0.26901388000000004,0.26901388000000004
