,src_content_0,att_src_edge_0,src_edge_0,full_src_edge_0,dst_content_0,att_dst_edge_0,dst_edge_0,full_dst_edge_0,att_edge_0,edge_0,full_edge_0,bias_0
0,-0.880811870098114,1.0,-0.18691515922546387,-0.18691515922546387,,1.0,,,1.0,0.4297339618206024,0.4297339618206024,0.5134233236312866
