,src_content_0,att_src_edge_0,src_edge_0,full_src_edge_0,dst_content_0,att_dst_edge_0,dst_edge_0,full_dst_edge_0,att_edge_0,edge_0,full_edge_0,bias_0
0,-0.6050959825515747,1.0,0.2804934084415436,0.2804934084415436,,1.0,,,1.0,-0.04837653413414955,-0.04837653413414955,-0.60057532787323
