,src_content_0,src_content_1,att_src_edge_0,src_edge_0,src_edge_1,full_src_edge_0,full_src_edge_1,dst_content_0,att_dst_edge_0,dst_edge_0,full_dst_edge_0,att_edge_0,edge_0,full_edge_0,bias_0
0,1.0,1.0,1.0,0.35268884897232056,-1.3775290250778198,0.35268884897232056,-1.3775290250778198,,1.0,,,1.0,1.9810961484909058,1.9810961484909058,-0.648865818977356
