,param_0,param_1
0,0.7830908650093924,-0.4574111259654303
