,src_content_0,att_src_edge_0,src_edge_0,full_src_edge_0,dst_content_0,att_dst_edge_0,dst_edge_0,full_dst_edge_0,att_edge_0,edge_0,full_edge_0,bias_0
0,-0.5069361925125122,1.0,0.2284867763519287,0.2284867763519287,,1.0,,,1.0,-0.3530377447605133,-0.3530377447605133,-0.394063800573349
