,src_content_0,src_content_1,att_src_edge_0,src_edge_0,src_edge_1,full_src_edge_0,full_src_edge_1,dst_content_0,att_dst_edge_0,dst_edge_0,full_dst_edge_0,att_edge_0,edge_0,full_edge_0,bias_0
0,-0.3340454399585724,0.053368061780929565,1.0,0.05944426730275154,0.010437333025038242,0.05944426730275154,0.010437333025038242,,1.0,,,1.0,-0.021555323153734207,-0.021555323153734207,
