,train_avg_pred-true,train_avg_MAE,val_avg_pred-true,val_avg_MAE
0,0.9770925621000002,1.0355769475,0.794076765375,0.794076765375
