,train_avg_pred-true,train_avg_MAE,val_avg_pred-true,val_avg_MAE
0,0.1380181075,0.7165597724999999,1.5503403850000002,1.5503403850000002
