,src_content_0,src_content_1,att_src_edge_0,src_edge_0,src_edge_1,full_src_edge_0,full_src_edge_1,dst_content_0,att_dst_edge_0,dst_edge_0,full_dst_edge_0,att_edge_0,edge_0,full_edge_0,bias_0
0,0.4114590287208557,-0.011984484270215034,1.0,0.028588758781552315,0.004771042615175247,0.028588758781552315,0.004771042615175247,,1.0,,,1.0,0.020021436735987663,0.020021436735987663,0.2366647720336914
