,src_content_0,att_src_edge_0,src_edge_0,full_src_edge_0,dst_content_0,att_dst_edge_0,dst_edge_0,full_dst_edge_0,att_edge_0,edge_0,full_edge_0,bias_0
0,1.44355046749115,1.0,-0.2692832350730896,-0.2692832350730896,,1.0,,,1.0,0.03307459130883217,0.03307459130883217,-0.320616215467453
