,src_content_0,att_src_edge_0,src_edge_0,full_src_edge_0,dst_content_0,att_dst_edge_0,dst_edge_0,full_dst_edge_0,att_edge_0,edge_0,full_edge_0,bias_0
0,1.0083482265472412,1.0,0.0842234343290329,0.0842234343290329,,1.0,,,1.0,0.4565262496471405,0.4565262496471405,0.0
