,src_content_0,att_src_edge_0,src_edge_0,full_src_edge_0,dst_content_0,att_dst_edge_0,dst_edge_0,full_dst_edge_0,att_edge_0,edge_0,full_edge_0,bias_0
0,-0.2535194456577301,1.0,0.006930205971002579,0.006930205971002579,,1.0,,,1.0,-0.026401860639452934,-0.026401860639452934,-1.4030423164367676
