,src_content_0,src_content_1,att_src_edge_0,src_edge_0,src_edge_1,full_src_edge_0,full_src_edge_1,dst_content_0,att_dst_edge_0,dst_edge_0,full_dst_edge_0,att_edge_0,edge_0,full_edge_0,bias_0
0,-0.0931805968284607,-0.019764741882681847,1.0,0.24777543544769287,0.0227862186729908,0.24777543544769287,0.0227862186729908,,1.0,,,1.0,0.056535616517066956,0.056535616517066956,
