,src_content_0,att_src_edge_0,src_edge_0,full_src_edge_0,dst_content_0,att_dst_edge_0,dst_edge_0,full_dst_edge_0,att_edge_0,edge_0,full_edge_0,bias_0
0,-0.47606322169303894,1.0,0.15596842765808105,0.15596842765808105,,1.0,,,1.0,-0.3589865267276764,-0.3589865267276764,-0.6818335652351379
