,src_content_0,src_content_1,att_src_edge_0,src_edge_0,src_edge_1,full_src_edge_0,full_src_edge_1,dst_content_0,att_dst_edge_0,dst_edge_0,full_dst_edge_0,att_edge_0,edge_0,full_edge_0,bias_0
0,0.6835221648216248,-0.11254408210515976,1.0,0.14805734157562256,0.06624944508075714,0.14805734157562256,0.06624944508075714,,1.0,,,1.0,-0.0008429432054981589,-0.0008429432054981589,0.6722087860107422
