,src_content_0,att_src_edge_0,src_edge_0,full_src_edge_0,dst_content_0,att_dst_edge_0,dst_edge_0,full_dst_edge_0,att_edge_0,edge_0,full_edge_0,bias_0
0,1.7732795476913452,1.0,-0.5067558288574219,-0.5067558288574219,,1.0,,,1.0,1.8734607696533203,1.8734607696533203,-0.050853386521339417
