,src_content_0,att_src_edge_0,src_edge_0,full_src_edge_0,dst_content_0,att_dst_edge_0,dst_edge_0,full_dst_edge_0,att_edge_0,edge_0,full_edge_0,bias_0
0,-1.5953882932662964,1.0,0.2778658866882324,0.2778658866882324,,1.0,,,1.0,0.028268205001950264,0.028268205001950264,
