,src_content_0,src_content_1,att_src_edge_0,src_edge_0,src_edge_1,full_src_edge_0,full_src_edge_1,dst_content_0,att_dst_edge_0,dst_edge_0,full_dst_edge_0,att_edge_0,edge_0,full_edge_0,bias_0
0,-1.0730273723602295,1.2383440732955933,1.0,-0.39428308606147766,-0.8613438010215759,-0.39428308606147766,-0.8613438010215759,,1.0,,,1.0,0.3312422037124634,0.3312422037124634,
