,src_content_0,att_src_edge_0,src_edge_0,full_src_edge_0,dst_content_0,att_dst_edge_0,dst_edge_0,full_dst_edge_0,att_edge_0,edge_0,full_edge_0,bias_0
0,0.3826052248477936,1.0,-1.0157766342163086,-1.0157766342163086,,1.0,,,1.0,0.10444079339504242,0.10444079339504242,-1.062780737876892
