,src_content_0,att_src_edge_0,src_edge_0,full_src_edge_0,dst_content_0,att_dst_edge_0,dst_edge_0,full_dst_edge_0,att_edge_0,edge_0,full_edge_0,bias_0
0,1.0,1.0,-0.6968426704406738,-0.6968426704406738,,1.0,,,1.0,0.3552061915397644,0.3552061915397644,0.09461179375648499
