,train_avg_pred-true,train_avg_MAE,val_avg_pred-true,val_avg_MAE
0,1.4621096050000002,1.4621096050000002,2.5107950999999997,2.5107950999999997
