,src_content_0,src_content_1,att_src_edge_0,src_edge_0,src_edge_1,full_src_edge_0,full_src_edge_1,dst_content_0,att_dst_edge_0,dst_edge_0,full_dst_edge_0,att_edge_0,edge_0,full_edge_0,bias_0
0,0.9895461797714233,-0.5468965172767639,1.0,-0.27352669835090637,-0.5420176982879639,-0.27352669835090637,-0.5420176982879639,,1.0,,,1.0,0.18204282224178314,0.18204282224178314,
