,src_content_0,src_content_1,att_src_edge_0,src_edge_0,src_edge_1,full_src_edge_0,full_src_edge_1,dst_content_0,att_dst_edge_0,dst_edge_0,full_dst_edge_0,att_edge_0,edge_0,full_edge_0,bias_0
0,-0.14474977552890778,0.20988412201404572,1.0,0.004062518943101168,-0.017718151211738586,0.004062518943101168,-0.017718151211738586,,1.0,,,1.0,0.008699700236320496,0.008699700236320496,-0.4546758234500885
