,src_content_0,src_content_1,att_src_edge_0,src_edge_0,src_edge_1,full_src_edge_0,full_src_edge_1,dst_content_0,att_dst_edge_0,dst_edge_0,full_dst_edge_0,att_edge_0,edge_0,full_edge_0,bias_0
0,-1.768821120262146,0.28206321597099304,1.0,1.3226269483566284,-0.04313436523079872,1.3226269483566284,-0.04313436523079872,,1.0,,,1.0,-0.02119489572942257,-0.02119489572942257,
