,src_content_0,src_content_1,att_src_edge_0,src_edge_0,src_edge_1,full_src_edge_0,full_src_edge_1,dst_content_0,att_dst_edge_0,dst_edge_0,full_dst_edge_0,att_edge_0,edge_0,full_edge_0,bias_0
0,0.18867501616477966,1.9595625400543213,1.0,-1.7605193853378296,-1.9804637432098389,-1.7605193853378296,-1.9804637432098389,,1.0,,,1.0,-0.2827190160751343,-0.2827190160751343,
