,src_content_0,att_src_edge_0,src_edge_0,full_src_edge_0,dst_content_0,att_dst_edge_0,dst_edge_0,full_dst_edge_0,att_edge_0,edge_0,full_edge_0,bias_0
0,0.29632559418678284,1.0,0.24728527665138245,0.24728527665138245,,1.0,,,1.0,0.6108335852622986,0.6108335852622986,-1.2413657903671265
