,src_content_0,att_src_edge_0,src_edge_0,full_src_edge_0,dst_content_0,att_dst_edge_0,dst_edge_0,full_dst_edge_0,att_edge_0,edge_0,full_edge_0,bias_0
0,1.0293704271316528,1.0,-0.612636923789978,-0.612636923789978,,1.0,,,1.0,-1.0139037370681763,-1.0139037370681763,-0.36859312653541565
