,src_content_0,att_src_edge_0,src_edge_0,full_src_edge_0,dst_content_0,att_dst_edge_0,dst_edge_0,full_dst_edge_0,att_edge_0,edge_0,full_edge_0,bias_0
0,0.5055784583091736,1.0,1.0482597351074219,1.0482597351074219,,1.0,,,1.0,0.7456122040748596,0.7456122040748596,0.0
