,src_content_0,src_content_1,att_src_edge_0,src_edge_0,src_edge_1,full_src_edge_0,full_src_edge_1,dst_content_0,att_dst_edge_0,dst_edge_0,full_dst_edge_0,att_edge_0,edge_0,full_edge_0,bias_0
0,-0.6099525690078735,0.16102436184883118,1.0,0.20451223850250244,0.04263157397508621,0.20451223850250244,0.04263157397508621,,1.0,,,1.0,-0.002269814722239971,-0.002269814722239971,-0.883043646812439
