,src_content_0,src_content_1,att_src_edge_0,src_edge_0,src_edge_1,full_src_edge_0,full_src_edge_1,dst_content_0,att_dst_edge_0,dst_edge_0,full_dst_edge_0,att_edge_0,edge_0,full_edge_0,bias_0
0,-1.468477725982666,0.19833119213581085,1.0,0.7087757587432861,0.20265835523605347,0.7087757587432861,0.20265835523605347,,1.0,,,1.0,0.0054505495354533195,0.0054505495354533195,
