,src_content_0,att_src_edge_0,src_edge_0,full_src_edge_0,dst_content_0,att_dst_edge_0,dst_edge_0,full_dst_edge_0,att_edge_0,edge_0,full_edge_0,bias_0
0,0.4423018991947174,1.0,-0.8380284905433655,-0.8380284905433655,,1.0,,,1.0,0.01986495591700077,0.01986495591700077,-0.8431352376937866
