,train_avg_pred-true,train_avg_MAE,val_avg_pred-true,val_avg_MAE
0,0.32617052750000003,1.1870491525000002,0.3581794446666667,0.3581794446666667
