,param_0,param_1
0,-0.10548524845017204,1.065918073486641
