,train_avg_pred-true,train_avg_MAE,val_avg_pred-true,val_avg_MAE
0,1.0310393933333335,1.5402568600000002,0.60249002,0.7487009533333332
