,src_content_0,att_src_edge_0,src_edge_0,full_src_edge_0,dst_content_0,att_dst_edge_0,dst_edge_0,full_dst_edge_0,att_edge_0,edge_0,full_edge_0,bias_0
0,1.6604351997375488,1.0,1.5180484056472778,1.5180484056472778,,1.0,,,1.0,1.1808215379714966,1.1808215379714966,0.0
