,train_avg_pred-true,train_avg_MAE,val_avg_pred-true,val_avg_MAE
0,1.1468747240000003,1.570811390666667,0.9443641360000002,1.4212928860000003
