,train_avg_pred-true,train_avg_MAE,val_avg_pred-true,val_avg_MAE
0,-0.13422480620000005,0.8360893881999999,0.38195801299999993,0.6051814249999998
