,src_content_0,att_src_edge_0,src_edge_0,full_src_edge_0,dst_content_0,att_dst_edge_0,dst_edge_0,full_dst_edge_0,att_edge_0,edge_0,full_edge_0,bias_0
0,-0.2616441249847412,1.0,0.05357461795210838,0.05357461795210838,,1.0,,,1.0,-0.12231342494487762,-0.12231342494487762,
