,param_0,param_1
0,-2.0107136406952746,-0.7591363409743714
