,src_content_0,att_src_edge_0,src_edge_0,full_src_edge_0,dst_content_0,att_dst_edge_0,dst_edge_0,full_dst_edge_0,att_edge_0,edge_0,full_edge_0,bias_0
0,1.0,1.0,0.48168453574180603,0.48168453574180603,,1.0,,,1.0,0.5001491904258728,0.5001491904258728,-0.37723058462142944
