,src_content_0,att_src_edge_0,src_edge_0,full_src_edge_0,dst_content_0,att_dst_edge_0,dst_edge_0,full_dst_edge_0,att_edge_0,edge_0,full_edge_0,bias_0
0,0.6808388829231262,1.0,0.46901842951774597,0.46901842951774597,,1.0,,,1.0,-0.1945277750492096,-0.1945277750492096,-0.7695387005805969
