,src_content_0,att_src_edge_0,src_edge_0,full_src_edge_0,dst_content_0,att_dst_edge_0,dst_edge_0,full_dst_edge_0,att_edge_0,edge_0,full_edge_0,bias_0
0,0.27213233709335327,1.0,-0.6915733218193054,-0.6915733218193054,,1.0,,,1.0,-0.04416554048657417,-0.04416554048657417,-0.8947024345397949
