,src_content_0,src_content_1,att_src_edge_0,src_edge_0,src_edge_1,full_src_edge_0,full_src_edge_1,dst_content_0,att_dst_edge_0,dst_edge_0,full_dst_edge_0,att_edge_0,edge_0,full_edge_0,bias_0
0,-0.22021715342998505,0.01631559245288372,1.0,0.021248672157526016,0.0029921606183052063,0.021248672157526016,0.0029921606183052063,,1.0,,,1.0,-0.06674870103597641,-0.06674870103597641,
