,src_content_0,src_content_1,att_src_edge_0,src_edge_0,src_edge_1,full_src_edge_0,full_src_edge_1,dst_content_0,att_dst_edge_0,dst_edge_0,full_dst_edge_0,att_edge_0,edge_0,full_edge_0,bias_0
0,-1.0968351364135742,0.14210008084774017,1.0,0.3621446490287781,0.1336759328842163,0.3621446490287781,0.1336759328842163,,1.0,,,1.0,-0.13652034103870392,-0.13652034103870392,
