,train_avg_pred-true,train_avg_MAE,val_avg_pred-true,val_avg_MAE
0,2.1477886574999996,2.1477886574999996,1.9108260599999998,1.9108260599999998
