,src_content_0,src_content_1,att_src_edge_0,src_edge_0,src_edge_1,full_src_edge_0,full_src_edge_1,dst_content_0,att_dst_edge_0,dst_edge_0,full_dst_edge_0,att_edge_0,edge_0,full_edge_0,bias_0
0,1.0,1.0,1.0,-0.6056450605392456,-0.27700135111808777,-0.6056450605392456,-0.27700135111808777,,1.0,,,1.0,1.0850698947906494,1.0850698947906494,-0.35800424218177795
