,src_content_0,att_src_edge_0,src_edge_0,full_src_edge_0,dst_content_0,att_dst_edge_0,dst_edge_0,full_dst_edge_0,att_edge_0,edge_0,full_edge_0,bias_0
0,0.021377548575401306,1.0,0.7273377776145935,0.7273377776145935,,1.0,,,1.0,-0.7267537713050842,-0.7267537713050842,0.0
