,train_avg_pred-true,train_avg_MAE,val_avg_pred-true,val_avg_MAE
0,1.1736173413333333,1.4914148653333335,1.6317336183750002,2.002168571625
