,src_content_0,src_content_1,att_src_edge_0,src_edge_0,src_edge_1,full_src_edge_0,full_src_edge_1,dst_content_0,att_dst_edge_0,dst_edge_0,full_dst_edge_0,att_edge_0,edge_0,full_edge_0,bias_0
0,1.0,1.0,1.0,0.011309430934488773,-0.49491745233535767,0.011309430934488773,-0.49491745233535767,,1.0,,,1.0,0.3373195230960846,0.3373195230960846,-0.23930253088474274
