,src_content_0,src_content_1,att_src_edge_0,src_edge_0,src_edge_1,full_src_edge_0,full_src_edge_1,dst_content_0,att_dst_edge_0,dst_edge_0,full_dst_edge_0,att_edge_0,edge_0,full_edge_0,bias_0
0,0.47340109944343567,-0.09685312211513519,1.0,0.3744176924228668,0.008907674811780453,0.3744176924228668,0.008907674811780453,,1.0,,,1.0,-0.05834323912858963,-0.05834323912858963,-0.47257402539253235
