,src_content_0,att_src_edge_0,src_edge_0,full_src_edge_0,dst_content_0,att_dst_edge_0,dst_edge_0,full_dst_edge_0,att_edge_0,edge_0,full_edge_0,bias_0
0,-1.3351771831512451,1.0,1.339888334274292,1.339888334274292,,1.0,,,1.0,-1.1800059080123901,-1.1800059080123901,0.07899955660104752
