,src_content_0,src_content_1,att_src_edge_0,src_edge_0,src_edge_1,full_src_edge_0,full_src_edge_1,dst_content_0,att_dst_edge_0,dst_edge_0,full_dst_edge_0,att_edge_0,edge_0,full_edge_0,bias_0
0,1.0,1.0,1.0,-0.2868119776248932,-1.3688515424728394,-0.2868119776248932,-1.3688515424728394,,1.0,,,1.0,0.2753191292285919,0.2753191292285919,-0.21294085681438446
