,src_content_0,att_src_edge_0,src_edge_0,full_src_edge_0,dst_content_0,att_dst_edge_0,dst_edge_0,full_dst_edge_0,att_edge_0,edge_0,full_edge_0,bias_0
0,-0.5303786993026733,1.0,-0.4643639028072357,-0.4643639028072357,,1.0,,,1.0,-1.6118099689483643,-1.6118099689483643,0.5574380159378052
