,src_content_0,src_content_1,att_src_edge_0,src_edge_0,src_edge_1,full_src_edge_0,full_src_edge_1,dst_content_0,att_dst_edge_0,dst_edge_0,full_dst_edge_0,att_edge_0,edge_0,full_edge_0,bias_0
0,0.8708069324493408,1.1008120775222778,1.0,-0.4592931866645813,-0.44174066185951233,-0.4592931866645813,-0.44174066185951233,,1.0,,,1.0,0.3506060838699341,0.3506060838699341,-0.3971347510814667
