,src_content_0,att_src_edge_0,src_edge_0,full_src_edge_0,dst_content_0,att_dst_edge_0,dst_edge_0,full_dst_edge_0,att_edge_0,edge_0,full_edge_0,bias_0
0,-0.44322890043258667,1.0,0.03568956255912781,0.03568956255912781,,1.0,,,1.0,0.10437019914388657,0.10437019914388657,-1.020982265472412
