,src_content_0,src_content_1,att_src_edge_0,src_edge_0,src_edge_1,full_src_edge_0,full_src_edge_1,dst_content_0,att_dst_edge_0,dst_edge_0,full_dst_edge_0,att_edge_0,edge_0,full_edge_0,bias_0
0,-1.2991820573806763,0.22838830947875977,1.0,-0.06404771655797958,-0.3888508677482605,-0.06404771655797958,-0.3888508677482605,,1.0,,,1.0,0.24796360731124878,0.24796360731124878,-0.22585973143577576
