,src_content_0,src_content_1,att_src_edge_0,src_edge_0,src_edge_1,full_src_edge_0,full_src_edge_1,dst_content_0,att_dst_edge_0,dst_edge_0,full_dst_edge_0,att_edge_0,edge_0,full_edge_0,bias_0
0,0.2959999442100525,0.5465185046195984,1.0,-1.3140192031860352,-0.8054044842720032,-1.3140192031860352,-0.8054044842720032,,1.0,,,1.0,0.5863216519355774,0.5863216519355774,
