,train_avg_pred-true,train_avg_MAE,val_avg_pred-true,val_avg_MAE
0,0.57097902,0.57097902,0.34788122999999993,0.36300652999999994
