,src_content_0,att_src_edge_0,src_edge_0,full_src_edge_0,dst_content_0,att_dst_edge_0,dst_edge_0,full_dst_edge_0,att_edge_0,edge_0,full_edge_0,bias_0
0,-0.02811957336962223,1.0,0.018643978983163834,0.018643978983163834,,1.0,,,1.0,-0.01469090674072504,-0.01469090674072504,-0.9641771912574768
