,src_content_0,src_content_1,att_src_edge_0,src_edge_0,src_edge_1,full_src_edge_0,full_src_edge_1,dst_content_0,att_dst_edge_0,dst_edge_0,full_dst_edge_0,att_edge_0,edge_0,full_edge_0,bias_0
0,-0.8460866808891296,-0.606112003326416,1.0,0.6064842939376831,0.6494253873825073,0.6064842939376831,0.6494253873825073,,1.0,,,1.0,-0.05608939751982689,-0.05608939751982689,
