,src_content_0,att_src_edge_0,src_edge_0,full_src_edge_0,dst_content_0,att_dst_edge_0,dst_edge_0,full_dst_edge_0,att_edge_0,edge_0,full_edge_0,bias_0
0,0.8003560304641724,1.0,-0.9057022929191589,-0.9057022929191589,,1.0,,,1.0,0.09310948103666306,0.09310948103666306,-0.7694652676582336
