,src_content_0,att_src_edge_0,src_edge_0,full_src_edge_0,dst_content_0,att_dst_edge_0,dst_edge_0,full_dst_edge_0,att_edge_0,edge_0,full_edge_0,bias_0
0,-1.1296110153198242,1.0,0.5941545367240906,0.5941545367240906,,1.0,,,1.0,0.10648137331008911,0.10648137331008911,0.14499622583389282
