,train_avg_pred-true,train_avg_MAE,val_avg_pred-true,val_avg_MAE
0,1.329763475,1.329763475,1.3612745099999999,1.3612745099999999
