,src_content_0,att_src_edge_0,src_edge_0,full_src_edge_0,dst_content_0,att_dst_edge_0,dst_edge_0,full_dst_edge_0,att_edge_0,edge_0,full_edge_0,bias_0
0,-1.6463580131530762,1.0,0.6488046050071716,0.6488046050071716,,1.0,,,1.0,-1.2533472776412964,-1.2533472776412964,0.09781929105520248
