,train_avg_pred-true,train_avg_MAE,val_avg_pred-true,val_avg_MAE
0,0.5002143355714287,0.9550528787142858,0.8192855716666666,1.0335602549999998
