,src_content_0,src_content_1,att_src_edge_0,src_edge_0,src_edge_1,full_src_edge_0,full_src_edge_1,dst_content_0,att_dst_edge_0,dst_edge_0,full_dst_edge_0,att_edge_0,edge_0,full_edge_0,bias_0
0,-0.3040643632411957,-0.6085183620452881,1.0,0.49430570006370544,-0.10427448153495789,0.49430570006370544,-0.10427448153495789,,1.0,,,1.0,0.2936078608036041,0.2936078608036041,
