,src_content_0,att_src_edge_0,src_edge_0,full_src_edge_0,dst_content_0,att_dst_edge_0,dst_edge_0,full_dst_edge_0,att_edge_0,edge_0,full_edge_0,bias_0
0,0.7546672821044922,1.0,0.5367476344108582,0.5367476344108582,,1.0,,,1.0,0.3562472462654114,0.3562472462654114,0.00553777115419507
