,train_avg_pred-true,train_avg_MAE,val_avg_pred-true,val_avg_MAE
0,1.89866653,1.89866653,0.6382271966666667,0.8849767100000001
