,train_avg_pred-true,train_avg_MAE,val_avg_pred-true,val_avg_MAE
0,1.00866658525,1.5890988722500001,1.69150959,1.69150959
