,param_0,param_1
0,0.04368294694112601,0.13517905582210954
