,param_0,param_1
0,0.9554164281220876,0.018483621609058698
