,train_avg_pred-true,train_avg_MAE,val_avg_pred-true,val_avg_MAE
0,1.409171165,1.4303465450000001,0.6312280151999999,0.8328983111999999
