,src_content_0,src_content_1,att_src_edge_0,src_edge_0,src_edge_1,full_src_edge_0,full_src_edge_1,dst_content_0,att_dst_edge_0,dst_edge_0,full_dst_edge_0,att_edge_0,edge_0,full_edge_0,bias_0
0,1.0,1.0,1.0,-0.0430721752345562,-0.18147529661655426,-0.0430721752345562,-0.18147529661655426,,1.0,,,1.0,-0.017322435975074768,-0.017322435975074768,-0.5368428230285645
