,src_content_0,att_src_edge_0,src_edge_0,full_src_edge_0,dst_content_0,att_dst_edge_0,dst_edge_0,full_dst_edge_0,att_edge_0,edge_0,full_edge_0,bias_0
0,-0.39727047085762024,1.0,1.709534764289856,1.709534764289856,,1.0,,,1.0,0.06867574900388718,0.06867574900388718,0.0
