,src_content_0,att_src_edge_0,src_edge_0,full_src_edge_0,dst_content_0,att_dst_edge_0,dst_edge_0,full_dst_edge_0,att_edge_0,edge_0,full_edge_0,bias_0
0,-0.22956031560897827,1.0,1.5441440343856812,1.5441440343856812,,1.0,,,1.0,-0.022312961518764496,-0.022312961518764496,-0.25775185227394104
