,train_avg_pred-true,train_avg_MAE,val_avg_pred-true,val_avg_MAE
0,1.5774284200000002,1.5774284200000002,1.30517349,1.30517349
