,src_content_0,att_src_edge_0,src_edge_0,full_src_edge_0,dst_content_0,att_dst_edge_0,dst_edge_0,full_dst_edge_0,att_edge_0,edge_0,full_edge_0,bias_0
0,-0.4056403636932373,1.0,0.1838768869638443,0.1838768869638443,,1.0,,,1.0,-0.012193421833217144,-0.012193421833217144,-0.6149011254310608
