,src_content_0,src_content_1,att_src_edge_0,src_edge_0,src_edge_1,full_src_edge_0,full_src_edge_1,dst_content_0,att_dst_edge_0,dst_edge_0,full_dst_edge_0,att_edge_0,edge_0,full_edge_0,bias_0
0,-0.3505803048610687,0.8213278651237488,1.0,0.9277188777923584,-0.5200415849685669,0.9277188777923584,-0.5200415849685669,,1.0,,,1.0,0.46853721141815186,0.46853721141815186,-0.1414085328578949
