,src_content_0,src_content_1,att_src_edge_0,src_edge_0,src_edge_1,full_src_edge_0,full_src_edge_1,dst_content_0,att_dst_edge_0,dst_edge_0,full_dst_edge_0,att_edge_0,edge_0,full_edge_0,bias_0
0,0.8502228856086731,-0.4820265471935272,1.0,0.5761517882347107,-0.002191900974139571,0.5761517882347107,-0.002191900974139571,,1.0,,,1.0,0.1270674467086792,0.1270674467086792,-0.20370608568191528
