,train_avg_pred-true,train_avg_MAE,val_avg_pred-true,val_avg_MAE
0,1.4999228850000002,1.4999228850000002,-0.39829873000000005,0.39829873000000005
