,src_content_0,att_src_edge_0,src_edge_0,full_src_edge_0,dst_content_0,att_dst_edge_0,dst_edge_0,full_dst_edge_0,att_edge_0,edge_0,full_edge_0,bias_0
0,0.26947128772735596,1.0,-0.3337594270706177,-0.3337594270706177,,1.0,,,1.0,0.30529600381851196,0.30529600381851196,0.0
