,src_content_0,src_content_1,att_src_edge_0,src_edge_0,src_edge_1,full_src_edge_0,full_src_edge_1,dst_content_0,att_dst_edge_0,dst_edge_0,full_dst_edge_0,att_edge_0,edge_0,full_edge_0,bias_0
0,1.0,1.0,1.0,-0.7546746134757996,-0.8487201929092407,-0.7546746134757996,-0.8487201929092407,,1.0,,,1.0,0.06703656166791916,0.06703656166791916,-1.2697668075561523
