,src_content_0,att_src_edge_0,src_edge_0,full_src_edge_0,dst_content_0,att_dst_edge_0,dst_edge_0,full_dst_edge_0,att_edge_0,edge_0,full_edge_0,bias_0
0,1.1229443550109863,1.0,-0.8268857002258301,-0.8268857002258301,,1.0,,,1.0,-0.003103085793554783,-0.003103085793554783,-0.8008995652198792
