,src_content_0,att_src_edge_0,src_edge_0,full_src_edge_0,dst_content_0,att_dst_edge_0,dst_edge_0,full_dst_edge_0,att_edge_0,edge_0,full_edge_0,bias_0
0,1.1410481929779053,1.0,-1.6181191205978394,-1.6181191205978394,,1.0,,,1.0,0.19064036011695862,0.19064036011695862,
