,src_content_0,att_src_edge_0,src_edge_0,full_src_edge_0,dst_content_0,att_dst_edge_0,dst_edge_0,full_dst_edge_0,att_edge_0,edge_0,full_edge_0,bias_0
0,-0.8138921856880188,1.0,0.8343139290809631,0.8343139290809631,,1.0,,,1.0,0.18479622900485992,0.18479622900485992,
