,train_avg_pred-true,train_avg_MAE,val_avg_pred-true,val_avg_MAE
0,0.5545933161666666,1.3234613111666669,0.599969111,1.0184349823333332
