,src_content_0,src_content_1,att_src_edge_0,src_edge_0,src_edge_1,full_src_edge_0,full_src_edge_1,dst_content_0,att_dst_edge_0,dst_edge_0,full_dst_edge_0,att_edge_0,edge_0,full_edge_0,bias_0
0,-0.048878125846385956,-0.1435583531856537,1.0,-0.006980346981436014,-0.45812249183654785,-0.006980346981436014,-0.45812249183654785,,1.0,,,1.0,-0.02169858105480671,-0.02169858105480671,-0.6567873954772949
