,param_0,param_1
0,0.12798046559156348,0.7664517598393279
