,src_content_0,att_src_edge_0,src_edge_0,full_src_edge_0,dst_content_0,att_dst_edge_0,dst_edge_0,full_dst_edge_0,att_edge_0,edge_0,full_edge_0,bias_0
0,-0.36187392473220825,1.0,0.31888020038604736,0.31888020038604736,,1.0,,,1.0,0.10023713111877441,0.10023713111877441,-0.4853071868419647
