,src_content_0,att_src_edge_0,src_edge_0,full_src_edge_0,dst_content_0,att_dst_edge_0,dst_edge_0,full_dst_edge_0,att_edge_0,edge_0,full_edge_0,bias_0
0,0.9026592373847961,1.0,-1.3104153871536255,-1.3104153871536255,,1.0,,,1.0,0.587203323841095,0.587203323841095,-0.7572804689407349
