,src_content_0,src_content_1,att_src_edge_0,src_edge_0,src_edge_1,full_src_edge_0,full_src_edge_1,dst_content_0,att_dst_edge_0,dst_edge_0,full_dst_edge_0,att_edge_0,edge_0,full_edge_0,bias_0
0,-0.6120232939720154,0.420107364654541,1.0,0.09501585364341736,0.0057904599234461784,0.09501585364341736,0.0057904599234461784,,1.0,,,1.0,-0.2700875699520111,-0.2700875699520111,
