,train_avg_pred-true,train_avg_MAE,val_avg_pred-true,val_avg_MAE
0,1.0512064145454545,1.3812123381818184,1.2039716500000002,1.2039716500000002
