,train_avg_pred-true,train_avg_MAE,val_avg_pred-true,val_avg_MAE
0,0.01512524000000004,0.2672131133333334,0.8772657500000001,0.8772657500000001
