,src_content_0,att_src_edge_0,src_edge_0,full_src_edge_0,dst_content_0,att_dst_edge_0,dst_edge_0,full_dst_edge_0,att_edge_0,edge_0,full_edge_0,bias_0
0,0.9445267915725708,1.0,-1.5981327295303345,-1.5981327295303345,,1.0,,,1.0,-0.07540760189294815,-0.07540760189294815,-0.5710155963897705
