,src_content_0,att_src_edge_0,src_edge_0,full_src_edge_0,dst_content_0,att_dst_edge_0,dst_edge_0,full_dst_edge_0,att_edge_0,edge_0,full_edge_0,bias_0
0,0.5458080768585205,1.0,-0.8217633962631226,-0.8217633962631226,,1.0,,,1.0,0.45848318934440613,0.45848318934440613,-0.7999281287193298
