,src_content_0,src_content_1,att_src_edge_0,src_edge_0,src_edge_1,full_src_edge_0,full_src_edge_1,dst_content_0,att_dst_edge_0,dst_edge_0,full_dst_edge_0,att_edge_0,edge_0,full_edge_0,bias_0
0,-0.001184647437185049,0.12369555979967117,1.0,0.06547201424837112,-0.04238126426935196,0.06547201424837112,-0.04238126426935196,,1.0,,,1.0,0.22662058472633362,0.22662058472633362,
