,src_content_0,src_content_1,att_src_edge_0,src_edge_0,src_edge_1,full_src_edge_0,full_src_edge_1,dst_content_0,att_dst_edge_0,dst_edge_0,full_dst_edge_0,att_edge_0,edge_0,full_edge_0,bias_0
0,-0.6832329630851746,-0.28416526317596436,1.0,0.7230060696601868,-0.5661782622337341,0.7230060696601868,-0.5661782622337341,,1.0,,,1.0,0.151291161775589,0.151291161775589,
