,src_content_0,att_src_edge_0,src_edge_0,full_src_edge_0,dst_content_0,att_dst_edge_0,dst_edge_0,full_dst_edge_0,att_edge_0,edge_0,full_edge_0,bias_0
0,0.6421328186988831,1.0,0.12163370847702026,0.12163370847702026,,1.0,,,1.0,0.25559699535369873,0.25559699535369873,-0.6726524233818054
