,src_content_0,att_src_edge_0,src_edge_0,full_src_edge_0,dst_content_0,att_dst_edge_0,dst_edge_0,full_dst_edge_0,att_edge_0,edge_0,full_edge_0,bias_0
0,0.036015115678310394,1.0,0.48130711913108826,0.48130711913108826,,1.0,,,1.0,-0.016424285247921944,-0.016424285247921944,
