,train_avg_pred-true,train_avg_MAE,val_avg_pred-true,val_avg_MAE
0,1.9398161187500003,1.9398161187500003,2.4099599833333336,2.4099599833333336
