,train_avg_pred-true,train_avg_MAE,val_avg_pred-true,val_avg_MAE
0,0.12265874166666663,0.7877803183333333,-0.32523565499999996,0.32523565499999996
