,src_content_0,att_src_edge_0,src_edge_0,full_src_edge_0,dst_content_0,att_dst_edge_0,dst_edge_0,full_dst_edge_0,att_edge_0,edge_0,full_edge_0,bias_0
0,1.0,1.0,-0.1894179731607437,-0.1894179731607437,,1.0,,,1.0,0.24433404207229614,0.24433404207229614,-0.6558593511581421
