,train_avg_pred-true,train_avg_MAE,val_avg_pred-true,val_avg_MAE
0,0.6241695359999999,1.2795980000000002,1.3537118225,1.8326787775
