,src_content_0,att_src_edge_0,src_edge_0,full_src_edge_0,dst_content_0,att_dst_edge_0,dst_edge_0,full_dst_edge_0,att_edge_0,edge_0,full_edge_0,bias_0
0,-1.15898859500885,1.0,0.39872515201568604,0.39872515201568604,,1.0,,,1.0,0.2575939893722534,0.2575939893722534,0.024830909445881844
