,train_avg_pred-true,train_avg_MAE,val_avg_pred-true,val_avg_MAE
0,0.95030158665,1.2555720046499999,0.53361833,1.5748708800000002
