,src_content_0,att_src_edge_0,src_edge_0,full_src_edge_0,dst_content_0,att_dst_edge_0,dst_edge_0,full_dst_edge_0,att_edge_0,edge_0,full_edge_0,bias_0
0,1.0,1.0,-0.2536501884460449,-0.2536501884460449,,1.0,,,1.0,0.40470296144485474,0.40470296144485474,-1.0292364358901978
