,train_avg_pred-true,train_avg_MAE,val_avg_pred-true,val_avg_MAE
0,0.3391154126000001,1.0253011098,1.058726665,1.9185561850000001
