,src_content_0,src_content_1,att_src_edge_0,src_edge_0,src_edge_1,full_src_edge_0,full_src_edge_1,dst_content_0,att_dst_edge_0,dst_edge_0,full_dst_edge_0,att_edge_0,edge_0,full_edge_0,bias_0
0,1.0,1.0,1.0,-0.5139249563217163,-0.6019853353500366,-0.5139249563217163,-0.6019853353500366,,1.0,,,1.0,0.17370082437992096,0.17370082437992096,-1.1807869672775269
