,src_content_0,att_src_edge_0,src_edge_0,full_src_edge_0,dst_content_0,att_dst_edge_0,dst_edge_0,full_dst_edge_0,att_edge_0,edge_0,full_edge_0,bias_0
0,-0.6248042583465576,1.0,0.7271453738212585,0.7271453738212585,,1.0,,,1.0,0.6146221160888672,0.6146221160888672,-0.11319556087255478
