,src_content_0,src_content_1,att_src_edge_0,src_edge_0,src_edge_1,full_src_edge_0,full_src_edge_1,dst_content_0,att_dst_edge_0,dst_edge_0,full_dst_edge_0,att_edge_0,edge_0,full_edge_0,bias_0
0,0.03826871141791344,1.5670461654663086,1.0,0.21912157535552979,-0.8106969594955444,0.21912157535552979,-0.8106969594955444,,1.0,,,1.0,0.23085375130176544,0.23085375130176544,-0.7038411498069763
