,src_content_0,att_src_edge_0,src_edge_0,full_src_edge_0,dst_content_0,att_dst_edge_0,dst_edge_0,full_dst_edge_0,att_edge_0,edge_0,full_edge_0,bias_0
0,1.0,1.0,-0.9705826044082642,-0.9705826044082642,,1.0,,,1.0,0.5658746361732483,0.5658746361732483,0.35635703802108765
