,train_avg_pred-true,train_avg_MAE,val_avg_pred-true,val_avg_MAE
0,0.7649066142857144,1.1884142314285715,0.2621713776666667,0.7865141423333334
