,src_content_0,src_content_1,att_src_edge_0,src_edge_0,src_edge_1,full_src_edge_0,full_src_edge_1,dst_content_0,att_dst_edge_0,dst_edge_0,full_dst_edge_0,att_edge_0,edge_0,full_edge_0,bias_0
0,0.5721961855888367,-0.0037532385904341936,1.0,-0.008461144752800465,0.0027864330913871527,-0.008461144752800465,0.0027864330913871527,,1.0,,,1.0,0.07869906723499298,0.07869906723499298,
