,train_avg_pred-true,train_avg_MAE,val_avg_pred-true,val_avg_MAE
0,0.64358031625,1.1926276812499998,0.7199629450000001,0.7199629450000001
