,train_avg_pred-true,train_avg_MAE,val_avg_pred-true,val_avg_MAE
0,0.8848284141,1.2478349509,0.47266475250000006,1.5011832375
