,src_content_0,src_content_1,att_src_edge_0,src_edge_0,src_edge_1,full_src_edge_0,full_src_edge_1,dst_content_0,att_dst_edge_0,dst_edge_0,full_dst_edge_0,att_edge_0,edge_0,full_edge_0,bias_0
0,-1.1594610214233398,1.1558226346969604,1.0,-0.5900093913078308,0.45954063534736633,-0.5900093913078308,0.45954063534736633,,1.0,,,1.0,0.4606096148490906,0.4606096148490906,0.0242757610976696
