,train_avg_pred-true,train_avg_MAE,val_avg_pred-true,val_avg_MAE
0,0.7562635976250001,1.013393215875,0.2420043353333333,0.3630065353333334
