,src_content_0,att_src_edge_0,src_edge_0,full_src_edge_0,dst_content_0,att_dst_edge_0,dst_edge_0,full_dst_edge_0,att_edge_0,edge_0,full_edge_0,bias_0
0,0.8724905252456665,1.0,-1.2533634901046753,-1.2533634901046753,,1.0,,,1.0,0.11851543933153152,0.11851543933153152,-0.3419235944747925
