,src_content_0,src_content_1,att_src_edge_0,src_edge_0,src_edge_1,full_src_edge_0,full_src_edge_1,dst_content_0,att_dst_edge_0,dst_edge_0,full_dst_edge_0,att_edge_0,edge_0,full_edge_0,bias_0
0,0.2943126857280731,-0.941206157207489,1.0,0.8861079812049866,1.102828860282898,0.8861079812049866,1.102828860282898,,1.0,,,1.0,0.47634097933769226,0.47634097933769226,-0.5507492423057556
