,train_avg_pred-true,train_avg_MAE,val_avg_pred-true,val_avg_MAE
0,0.23255105150000005,1.0682223315000001,-0.9793613499999999,1.1608646499999997
