,src_content_0,src_content_1,att_src_edge_0,src_edge_0,src_edge_1,full_src_edge_0,full_src_edge_1,dst_content_0,att_dst_edge_0,dst_edge_0,full_dst_edge_0,att_edge_0,edge_0,full_edge_0,bias_0
0,-0.7539232969284058,1.5594899654388428,1.0,-1.077094316482544,-1.6492468118667603,-1.077094316482544,-1.6492468118667603,,1.0,,,1.0,0.3573755621910095,0.3573755621910095,
