,src_content_0,src_content_1,att_src_edge_0,src_edge_0,src_edge_1,full_src_edge_0,full_src_edge_1,dst_content_0,att_dst_edge_0,dst_edge_0,full_dst_edge_0,att_edge_0,edge_0,full_edge_0,bias_0
0,0.3466101288795471,1.9864035844802856,1.0,-0.49418652057647705,-0.6096090078353882,-0.49418652057647705,-0.6096090078353882,,1.0,,,1.0,1.434380054473877,1.434380054473877,-0.5924425721168518
