,train_avg_pred-true,train_avg_MAE,val_avg_pred-true,val_avg_MAE
0,0.8876294074999999,0.8937915424999998,0.6683129649999999,0.6683129649999999
