,src_content_0,src_content_1,att_src_edge_0,src_edge_0,src_edge_1,full_src_edge_0,full_src_edge_1,dst_content_0,att_dst_edge_0,dst_edge_0,full_dst_edge_0,att_edge_0,edge_0,full_edge_0,bias_0
0,1.0,1.0,1.0,0.014493938535451889,-1.455964207649231,0.014493938535451889,-1.455964207649231,,1.0,,,1.0,0.4288622736930847,0.4288622736930847,-0.8370460867881775
