,param_0,param_1
0,-0.02960799731142133,1.043220870229038
