,src_content_0,att_src_edge_0,src_edge_0,full_src_edge_0,dst_content_0,att_dst_edge_0,dst_edge_0,full_dst_edge_0,att_edge_0,edge_0,full_edge_0,bias_0
0,-1.0019909143447876,1.0,0.5079936385154724,0.5079936385154724,,1.0,,,1.0,-0.18152210116386414,-0.18152210116386414,-0.8016489744186401
