,src_content_0,src_content_1,att_src_edge_0,src_edge_0,src_edge_1,full_src_edge_0,full_src_edge_1,dst_content_0,att_dst_edge_0,dst_edge_0,full_dst_edge_0,att_edge_0,edge_0,full_edge_0,bias_0
0,-0.3015413284301758,1.204520583152771,1.0,0.668557345867157,0.33138442039489746,0.668557345867157,0.33138442039489746,,1.0,,,1.0,0.28224945068359375,0.28224945068359375,-0.8309847116470337
