,src_content_0,att_src_edge_0,src_edge_0,full_src_edge_0,dst_content_0,att_dst_edge_0,dst_edge_0,full_dst_edge_0,att_edge_0,edge_0,full_edge_0,bias_0
0,-1.2277708053588867,1.0,-1.6414803266525269,-1.6414803266525269,,1.0,,,1.0,0.4618781805038452,0.4618781805038452,0.29773440957069397
