,src_content_0,att_src_edge_0,src_edge_0,full_src_edge_0,dst_content_0,att_dst_edge_0,dst_edge_0,full_dst_edge_0,att_edge_0,edge_0,full_edge_0,bias_0
0,-0.19506676495075226,1.0,1.3273823261260986,1.3273823261260986,,1.0,,,1.0,-0.6254518032073975,-0.6254518032073975,-0.6673958897590637
