,src_content_0,src_content_1,att_src_edge_0,src_edge_0,src_edge_1,full_src_edge_0,full_src_edge_1,dst_content_0,att_dst_edge_0,dst_edge_0,full_dst_edge_0,att_edge_0,edge_0,full_edge_0,bias_0
0,1.0,1.0,1.0,-0.08205869793891907,-0.8457933068275452,-0.08205869793891907,-0.8457933068275452,,1.0,,,1.0,0.12448640167713165,0.12448640167713165,-0.9576365351676941
