,train_avg_pred-true,train_avg_MAE,val_avg_pred-true,val_avg_MAE
0,1.2133925192857142,1.2519403595714285,0.6818472459999999,1.2356338820000001
