,src_content_0,src_content_1,att_src_edge_0,src_edge_0,src_edge_1,full_src_edge_0,full_src_edge_1,dst_content_0,att_dst_edge_0,dst_edge_0,full_dst_edge_0,att_edge_0,edge_0,full_edge_0,bias_0
0,-0.335384339094162,1.930271863937378,1.0,-1.641898274421692,-1.300252914428711,-1.641898274421692,-1.300252914428711,,1.0,,,1.0,-0.2914169728755951,-0.2914169728755951,
