,param_0,param_1
0,0.4887074973917416,0.8547174302993602
