,src_content_0,src_content_1,att_src_edge_0,src_edge_0,src_edge_1,full_src_edge_0,full_src_edge_1,dst_content_0,att_dst_edge_0,dst_edge_0,full_dst_edge_0,att_edge_0,edge_0,full_edge_0,bias_0
0,-0.47358524799346924,-0.022527189925312996,1.0,-0.15226170420646667,-0.03473222255706787,-0.15226170420646667,-0.03473222255706787,,1.0,,,1.0,-0.16191703081130981,-0.16191703081130981,
