,src_content_0,src_content_1,att_src_edge_0,src_edge_0,src_edge_1,full_src_edge_0,full_src_edge_1,dst_content_0,att_dst_edge_0,dst_edge_0,full_dst_edge_0,att_edge_0,edge_0,full_edge_0,bias_0
0,1.0,1.0,1.0,-0.419002890586853,-0.9438089728355408,-0.419002890586853,-0.9438089728355408,,1.0,,,1.0,1.453269362449646,1.453269362449646,-0.29190337657928467
