,src_content_0,att_src_edge_0,src_edge_0,full_src_edge_0,dst_content_0,att_dst_edge_0,dst_edge_0,full_dst_edge_0,att_edge_0,edge_0,full_edge_0,bias_0
0,-0.3875746726989746,1.0,-0.6694183945655823,-0.6694183945655823,,1.0,,,1.0,0.02924005314707756,0.02924005314707756,1.5264886617660522
