,src_content_0,att_src_edge_0,src_edge_0,full_src_edge_0,dst_content_0,att_dst_edge_0,dst_edge_0,full_dst_edge_0,att_edge_0,edge_0,full_edge_0,bias_0
0,1.0,1.0,0.9611090421676636,0.9611090421676636,,1.0,,,1.0,0.03117525950074196,0.03117525950074196,-0.5199565887451172
