,src_content_0,att_src_edge_0,src_edge_0,full_src_edge_0,dst_content_0,att_dst_edge_0,dst_edge_0,full_dst_edge_0,att_edge_0,edge_0,full_edge_0,bias_0
0,1.5801749229431152,1.0,-0.7379878759384155,-0.7379878759384155,,1.0,,,1.0,1.4429727792739868,1.4429727792739868,-0.0019037843449041247
