,src_content_0,att_src_edge_0,src_edge_0,full_src_edge_0,dst_content_0,att_dst_edge_0,dst_edge_0,full_dst_edge_0,att_edge_0,edge_0,full_edge_0,bias_0
0,-0.6211411356925964,1.0,0.6481810808181763,0.6481810808181763,,1.0,,,1.0,-0.017222121357917786,-0.017222121357917786,-1.184903621673584
