,src_content_0,att_src_edge_0,src_edge_0,full_src_edge_0,dst_content_0,att_dst_edge_0,dst_edge_0,full_dst_edge_0,att_edge_0,edge_0,full_edge_0,bias_0
0,-1.682310938835144,1.0,0.13371875882148743,0.13371875882148743,,1.0,,,1.0,0.6583054661750793,0.6583054661750793,0.0
