,train_avg_pred-true,train_avg_MAE,val_avg_pred-true,val_avg_MAE
0,0.9589422219999999,1.079944402,0.824327325,0.824327325
