,src_content_0,att_src_edge_0,src_edge_0,full_src_edge_0,dst_content_0,att_dst_edge_0,dst_edge_0,full_dst_edge_0,att_edge_0,edge_0,full_edge_0,bias_0
0,1.5505262613296509,1.0,-1.4494577646255493,-1.4494577646255493,,1.0,,,1.0,0.09455651789903641,0.09455651789903641,
