,src_content_0,src_content_1,att_src_edge_0,src_edge_0,src_edge_1,full_src_edge_0,full_src_edge_1,dst_content_0,att_dst_edge_0,dst_edge_0,full_dst_edge_0,att_edge_0,edge_0,full_edge_0,bias_0
0,1.0,1.0,1.0,-0.3605057895183563,-0.33904901146888733,-0.3605057895183563,-0.33904901146888733,,1.0,,,1.0,0.48965802788734436,0.48965802788734436,-0.8986697793006897
