,src_content_0,src_content_1,att_src_edge_0,src_edge_0,src_edge_1,full_src_edge_0,full_src_edge_1,dst_content_0,att_dst_edge_0,dst_edge_0,full_dst_edge_0,att_edge_0,edge_0,full_edge_0,bias_0
0,-1.9136794805526733,0.34465330839157104,1.0,1.8191131353378296,0.44980353116989136,1.8191131353378296,0.44980353116989136,,1.0,,,1.0,-0.030206287279725075,-0.030206287279725075,
