,src_content_0,att_src_edge_0,src_edge_0,full_src_edge_0,dst_content_0,att_dst_edge_0,dst_edge_0,full_dst_edge_0,att_edge_0,edge_0,full_edge_0,bias_0
0,-0.15511605143547058,1.0,0.048487670719623566,0.048487670719623566,,1.0,,,1.0,-0.0015048274071887136,-0.0015048274071887136,-0.5612635612487793
