,src_content_0,att_src_edge_0,src_edge_0,full_src_edge_0,dst_content_0,att_dst_edge_0,dst_edge_0,full_dst_edge_0,att_edge_0,edge_0,full_edge_0,bias_0
0,0.019507652148604393,1.0,-0.14683489501476288,-0.14683489501476288,,1.0,,,1.0,0.012069715186953545,0.012069715186953545,-0.09364581108093262
