,src_content_0,att_src_edge_0,src_edge_0,full_src_edge_0,dst_content_0,att_dst_edge_0,dst_edge_0,full_dst_edge_0,att_edge_0,edge_0,full_edge_0,bias_0
0,0.22010615468025208,1.0,-0.42666491866111755,-0.42666491866111755,,1.0,,,1.0,-0.12894807755947113,-0.12894807755947113,
