,src_content_0,att_src_edge_0,src_edge_0,full_src_edge_0,dst_content_0,att_dst_edge_0,dst_edge_0,full_dst_edge_0,att_edge_0,edge_0,full_edge_0,bias_0
0,-0.830207884311676,1.0,0.06264401227235794,0.06264401227235794,,1.0,,,1.0,0.09507803618907928,0.09507803618907928,0.31243887543678284
