,src_content_0,src_content_1,att_src_edge_0,src_edge_0,src_edge_1,full_src_edge_0,full_src_edge_1,dst_content_0,att_dst_edge_0,dst_edge_0,full_dst_edge_0,att_edge_0,edge_0,full_edge_0,bias_0
0,1.0,1.0,1.0,-1.2623662948608398,-0.23625317215919495,-1.2623662948608398,-0.23625317215919495,,1.0,,,1.0,0.7741637229919434,0.7741637229919434,-0.30005013942718506
