,train_avg_pred-true,train_avg_MAE,val_avg_pred-true,val_avg_MAE
0,0.8337806125,1.1892244925,-0.060501049999999945,0.060501049999999945
