,src_content_0,att_src_edge_0,src_edge_0,full_src_edge_0,dst_content_0,att_dst_edge_0,dst_edge_0,full_dst_edge_0,att_edge_0,edge_0,full_edge_0,bias_0
0,-0.17778661847114563,1.0,-0.4249800443649292,-0.4249800443649292,,1.0,,,1.0,-0.08275904506444931,-0.08275904506444931,-0.32446175813674927
