,src_content_0,src_content_1,att_src_edge_0,src_edge_0,src_edge_1,full_src_edge_0,full_src_edge_1,dst_content_0,att_dst_edge_0,dst_edge_0,full_dst_edge_0,att_edge_0,edge_0,full_edge_0,bias_0
0,0.549328625202179,0.02851056307554245,1.0,-0.42892128229141235,-0.18322362005710602,-0.42892128229141235,-0.18322362005710602,,1.0,,,1.0,0.51659095287323,0.51659095287323,0.10067002475261688
