,train_avg_pred-true,train_avg_MAE,val_avg_pred-true,val_avg_MAE
0,1.1388720419999998,1.386640546,0.9314703450000001,0.9314703450000001
