,train_avg_pred-true,train_avg_MAE,val_avg_pred-true,val_avg_MAE
0,1.0697492675,1.3836229525000003,0.040640417833333366,0.8394415311666666
