,src_content_0,att_src_edge_0,src_edge_0,full_src_edge_0,dst_content_0,att_dst_edge_0,dst_edge_0,full_dst_edge_0,att_edge_0,edge_0,full_edge_0,bias_0
0,1.0,1.0,-0.10001777112483978,-0.10001777112483978,,1.0,,,1.0,0.6383312344551086,0.6383312344551086,-0.41720014810562134
