,src_content_0,src_content_1,att_src_edge_0,src_edge_0,src_edge_1,full_src_edge_0,full_src_edge_1,dst_content_0,att_dst_edge_0,dst_edge_0,full_dst_edge_0,att_edge_0,edge_0,full_edge_0,bias_0
0,1.0,1.0,1.0,-0.17614707350730896,-0.7381095886230469,-0.17614707350730896,-0.7381095886230469,,1.0,,,1.0,0.44257408380508423,0.44257408380508423,-0.20708487927913666
