,src_content_0,att_src_edge_0,src_edge_0,full_src_edge_0,dst_content_0,att_dst_edge_0,dst_edge_0,full_dst_edge_0,att_edge_0,edge_0,full_edge_0,bias_0
0,-1.0210864543914795,1.0,-1.2145507335662842,-1.2145507335662842,,1.0,,,1.0,0.29420745372772217,0.29420745372772217,0.5211008787155151
