,src_content_0,att_src_edge_0,src_edge_0,full_src_edge_0,dst_content_0,att_dst_edge_0,dst_edge_0,full_dst_edge_0,att_edge_0,edge_0,full_edge_0,bias_0
0,-0.3654717206954956,1.0,-0.8453097939491272,-0.8453097939491272,,1.0,,,1.0,-0.5435786247253418,-0.5435786247253418,-0.622671365737915
