,src_content_0,att_src_edge_0,src_edge_0,full_src_edge_0,dst_content_0,att_dst_edge_0,dst_edge_0,full_dst_edge_0,att_edge_0,edge_0,full_edge_0,bias_0
0,0.1449258029460907,1.0,-0.4088743031024933,-0.4088743031024933,,1.0,,,1.0,0.10322941094636917,0.10322941094636917,
