,src_content_0,att_src_edge_0,src_edge_0,full_src_edge_0,dst_content_0,att_dst_edge_0,dst_edge_0,full_dst_edge_0,att_edge_0,edge_0,full_edge_0,bias_0
0,-0.8029311299324036,1.0,-0.46651241183280945,-0.46651241183280945,,1.0,,,1.0,-1.423590898513794,-1.423590898513794,0.6994777321815491
