,src_content_0,src_content_1,att_src_edge_0,src_edge_0,src_edge_1,full_src_edge_0,full_src_edge_1,dst_content_0,att_dst_edge_0,dst_edge_0,full_dst_edge_0,att_edge_0,edge_0,full_edge_0,bias_0
0,-0.7595387101173401,-0.05473863333463669,1.0,0.3582088351249695,0.12702955305576324,0.3582088351249695,0.12702955305576324,,1.0,,,1.0,0.25166022777557373,0.25166022777557373,
