,src_content_0,att_src_edge_0,src_edge_0,full_src_edge_0,dst_content_0,att_dst_edge_0,dst_edge_0,full_dst_edge_0,att_edge_0,edge_0,full_edge_0,bias_0
0,-0.6119292974472046,1.0,-0.2255457192659378,-0.2255457192659378,,1.0,,,1.0,0.6083703637123108,0.6083703637123108,-0.2389582246541977
