,src_content_0,src_content_1,att_src_edge_0,src_edge_0,src_edge_1,full_src_edge_0,full_src_edge_1,dst_content_0,att_dst_edge_0,dst_edge_0,full_dst_edge_0,att_edge_0,edge_0,full_edge_0,bias_0
0,0.3992246985435486,1.5126827955245972,1.0,-0.9738621711730957,-1.0346848964691162,-0.9738621711730957,-1.0346848964691162,,1.0,,,1.0,0.5621998310089111,0.5621998310089111,-0.5780877470970154
