,src_content_0,att_src_edge_0,src_edge_0,full_src_edge_0,dst_content_0,att_dst_edge_0,dst_edge_0,full_dst_edge_0,att_edge_0,edge_0,full_edge_0,bias_0
0,0.18090441823005676,1.0,1.2060333490371704,1.2060333490371704,,1.0,,,1.0,-1.1842167377471924,-1.1842167377471924,0.0
