,src_content_0,att_src_edge_0,src_edge_0,full_src_edge_0,dst_content_0,att_dst_edge_0,dst_edge_0,full_dst_edge_0,att_edge_0,edge_0,full_edge_0,bias_0
0,-0.18583443760871887,1.0,-0.6143333911895752,-0.6143333911895752,,1.0,,,1.0,0.3956940472126007,0.3956940472126007,-0.07624422013759613
