,train_avg_pred-true,train_avg_MAE,val_avg_pred-true,val_avg_MAE
0,0.7915559033333333,0.9327251133333331,0.529384505,1.104144825
