,src_content_0,src_content_1,att_src_edge_0,src_edge_0,src_edge_1,full_src_edge_0,full_src_edge_1,dst_content_0,att_dst_edge_0,dst_edge_0,full_dst_edge_0,att_edge_0,edge_0,full_edge_0,bias_0
0,0.3412286043167114,-0.3526463508605957,1.0,-0.3569856286048889,-0.08036857098340988,-0.3569856286048889,-0.08036857098340988,,1.0,,,1.0,0.13300201296806335,0.13300201296806335,
