,src_content_0,att_src_edge_0,src_edge_0,full_src_edge_0,dst_content_0,att_dst_edge_0,dst_edge_0,full_dst_edge_0,att_edge_0,edge_0,full_edge_0,bias_0
0,1.2046825885772705,1.0,-1.5661982297897339,-1.5661982297897339,,1.0,,,1.0,0.41077497601509094,0.41077497601509094,0.0
