,src_content_0,att_src_edge_0,src_edge_0,full_src_edge_0,dst_content_0,att_dst_edge_0,dst_edge_0,full_dst_edge_0,att_edge_0,edge_0,full_edge_0,bias_0
0,1.1442210674285889,1.0,-1.3991984128952026,-1.3991984128952026,,1.0,,,1.0,-0.019565613940358162,-0.019565613940358162,-0.038834407925605774
