,src_content_0,att_src_edge_0,src_edge_0,full_src_edge_0,dst_content_0,att_dst_edge_0,dst_edge_0,full_dst_edge_0,att_edge_0,edge_0,full_edge_0,bias_0
0,-1.0036596059799194,1.0,-0.4450671970844269,-0.4450671970844269,,1.0,,,1.0,0.23876988887786865,0.23876988887786865,0.0
