,src_content_0,att_src_edge_0,src_edge_0,full_src_edge_0,dst_content_0,att_dst_edge_0,dst_edge_0,full_dst_edge_0,att_edge_0,edge_0,full_edge_0,bias_0
0,-0.7933109998703003,1.0,0.6644366979598999,0.6644366979598999,,1.0,,,1.0,0.10281452536582947,0.10281452536582947,-0.2603919804096222
