,src_content_0,att_src_edge_0,src_edge_0,full_src_edge_0,dst_content_0,att_dst_edge_0,dst_edge_0,full_dst_edge_0,att_edge_0,edge_0,full_edge_0,bias_0
0,1.0,1.0,-2.4872922897338867,-2.4872922897338867,,1.0,,,1.0,0.44127586483955383,0.44127586483955383,0.4984109401702881
