,train_avg_pred-true,train_avg_MAE,val_avg_pred-true,val_avg_MAE
0,0.6987875480000001,0.6987875480000001,1.06633168,1.1722085800000002
