,src_content_0,src_content_1,att_src_edge_0,src_edge_0,src_edge_1,full_src_edge_0,full_src_edge_1,dst_content_0,att_dst_edge_0,dst_edge_0,full_dst_edge_0,att_edge_0,edge_0,full_edge_0,bias_0
0,-0.8217658400535583,-0.028255632147192955,1.0,0.009763472713530064,-0.0062859635800123215,0.009763472713530064,-0.0062859635800123215,,1.0,,,1.0,-0.3581644892692566,-0.3581644892692566,
