,train_avg_pred-true,train_avg_MAE,val_avg_pred-true,val_avg_MAE
0,2.30786443,2.30786443,2.3620634000000003,2.3620634000000003
