,src_content_0,src_content_1,att_src_edge_0,src_edge_0,src_edge_1,full_src_edge_0,full_src_edge_1,dst_content_0,att_dst_edge_0,dst_edge_0,full_dst_edge_0,att_edge_0,edge_0,full_edge_0,bias_0
0,-0.881386399269104,0.5499401092529297,1.0,0.6643316745758057,0.22823858261108398,0.6643316745758057,0.22823858261108398,,1.0,,,1.0,0.027233144268393517,0.027233144268393517,
