,train_avg_pred-true,train_avg_MAE,val_avg_pred-true,val_avg_MAE
0,-1.8505062899999998,1.8505062899999998,-0.79283547,0.88719882
