,src_content_0,att_src_edge_0,src_edge_0,full_src_edge_0,dst_content_0,att_dst_edge_0,dst_edge_0,full_dst_edge_0,att_edge_0,edge_0,full_edge_0,bias_0
0,0.46482932567596436,1.0,-1.5511564016342163,-1.5511564016342163,,1.0,,,1.0,1.217490315437317,1.217490315437317,-0.4340740442276001
