,src_content_0,att_src_edge_0,src_edge_0,full_src_edge_0,dst_content_0,att_dst_edge_0,dst_edge_0,full_dst_edge_0,att_edge_0,edge_0,full_edge_0,bias_0
0,0.7069513201713562,1.0,0.019164670258760452,0.019164670258760452,,1.0,,,1.0,0.6460865139961243,0.6460865139961243,-0.43527013063430786
