,train_avg_pred-true,train_avg_MAE,val_avg_pred-true,val_avg_MAE
0,1.0165290759999999,1.0165290759999999,1.524685025,1.524685025
