,src_content_0,att_src_edge_0,src_edge_0,full_src_edge_0,dst_content_0,att_dst_edge_0,dst_edge_0,full_dst_edge_0,att_edge_0,edge_0,full_edge_0,bias_0
0,0.270999014377594,1.0,0.38847634196281433,0.38847634196281433,,1.0,,,1.0,0.1100614070892334,0.1100614070892334,-1.1156615018844604
