,src_content_0,src_content_1,att_src_edge_0,src_edge_0,src_edge_1,full_src_edge_0,full_src_edge_1,dst_content_0,att_dst_edge_0,dst_edge_0,full_dst_edge_0,att_edge_0,edge_0,full_edge_0,bias_0
0,0.404376357793808,1.0465205907821655,1.0,-1.2637377977371216,-0.24189607799053192,-1.2637377977371216,-0.24189607799053192,,1.0,,,1.0,0.6649079918861389,0.6649079918861389,-0.29914605617523193
