,param_0,param_1
0,0.2125540962321144,1.1512044682524136
