,param_0,param_1
0,-0.21844452931542252,0.038961645236565645
