,train_avg_pred-true,train_avg_MAE,val_avg_pred-true,val_avg_MAE
0,0.064282402125,0.33905816787500004,-0.10335602549999998,0.4663625505
