,src_content_0,att_src_edge_0,src_edge_0,full_src_edge_0,dst_content_0,att_dst_edge_0,dst_edge_0,full_dst_edge_0,att_edge_0,edge_0,full_edge_0,bias_0
0,1.0,1.0,-0.33249223232269287,-0.33249223232269287,,1.0,,,1.0,-0.007504599634557962,-0.007504599634557962,-1.1332101821899414
