,train_avg_pred-true,train_avg_MAE,val_avg_pred-true,val_avg_MAE
0,0.4255243266666667,0.4255243266666667,-0.09075159,0.09075159
