,src_content_0,att_src_edge_0,src_edge_0,full_src_edge_0,dst_content_0,att_dst_edge_0,dst_edge_0,full_dst_edge_0,att_edge_0,edge_0,full_edge_0,bias_0
0,0.23603922128677368,1.0,1.1513928174972534,1.1513928174972534,,1.0,,,1.0,0.6641287207603455,0.6641287207603455,-0.7848520278930664
