,src_content_0,att_src_edge_0,src_edge_0,full_src_edge_0,dst_content_0,att_dst_edge_0,dst_edge_0,full_dst_edge_0,att_edge_0,edge_0,full_edge_0,bias_0
0,0.3669835031032562,1.0,-0.6434490084648132,-0.6434490084648132,,1.0,,,1.0,-1.190171480178833,-1.190171480178833,-1.3007392883300781
