,src_content_0,att_src_edge_0,src_edge_0,full_src_edge_0,dst_content_0,att_dst_edge_0,dst_edge_0,full_dst_edge_0,att_edge_0,edge_0,full_edge_0,bias_0
0,1.0,1.0,-1.3416285514831543,-1.3416285514831543,,1.0,,,1.0,0.3635682463645935,0.3635682463645935,0.18174763023853302
