,src_content_0,att_src_edge_0,src_edge_0,full_src_edge_0,dst_content_0,att_dst_edge_0,dst_edge_0,full_dst_edge_0,att_edge_0,edge_0,full_edge_0,bias_0
0,1.0,1.0,-1.1637879610061646,-1.1637879610061646,,1.0,,,1.0,0.25794076919555664,0.25794076919555664,-0.08873191475868225
