,param_0,param_1
0,0.17986437267424388,-0.7818755771307959
