,train_avg_pred-true,train_avg_MAE,val_avg_pred-true,val_avg_MAE
0,0.9535796472727273,1.000330489090909,0.13612745200000004,0.30553050800000003
