,param_0,param_1
0,0.08209323840246202,-1.6447175807586745
