,src_content_0,src_content_1,att_src_edge_0,src_edge_0,src_edge_1,full_src_edge_0,full_src_edge_1,dst_content_0,att_dst_edge_0,dst_edge_0,full_dst_edge_0,att_edge_0,edge_0,full_edge_0,bias_0
0,0.2810046374797821,-0.6322704553604126,1.0,-0.6710771322250366,-0.05231437087059021,-0.6710771322250366,-0.05231437087059021,,1.0,,,1.0,0.46087533235549927,0.46087533235549927,0.17956486344337463
