,src_content_0,att_src_edge_0,src_edge_0,full_src_edge_0,dst_content_0,att_dst_edge_0,dst_edge_0,full_dst_edge_0,att_edge_0,edge_0,full_edge_0,bias_0
0,1.5678963661193848,1.0,-1.5321874618530273,-1.5321874618530273,,1.0,,,1.0,0.18302428722381592,0.18302428722381592,
