,src_content_0,att_src_edge_0,src_edge_0,full_src_edge_0,dst_content_0,att_dst_edge_0,dst_edge_0,full_dst_edge_0,att_edge_0,edge_0,full_edge_0,bias_0
0,0.9594327211380005,1.0,-0.43389031291007996,-0.43389031291007996,,1.0,,,1.0,0.011387011036276817,0.011387011036276817,-0.8481089472770691
