,src_content_0,att_src_edge_0,src_edge_0,full_src_edge_0,dst_content_0,att_dst_edge_0,dst_edge_0,full_dst_edge_0,att_edge_0,edge_0,full_edge_0,bias_0
0,1.2178046703338623,1.0,-1.6601401567459106,-1.6601401567459106,,1.0,,,1.0,-0.00047268084017559886,-0.00047268084017559886,
