,src_content_0,att_src_edge_0,src_edge_0,full_src_edge_0,dst_content_0,att_dst_edge_0,dst_edge_0,full_dst_edge_0,att_edge_0,edge_0,full_edge_0,bias_0
0,0.5412092804908752,1.0,-0.8457053899765015,-0.8457053899765015,,1.0,,,1.0,0.19500426948070526,0.19500426948070526,
