,train_avg_pred-true,train_avg_MAE,val_avg_pred-true,val_avg_MAE
0,1.5064770699999999,1.5064770699999999,1.40362515,1.40362515
