,src_content_0,src_content_1,att_src_edge_0,src_edge_0,src_edge_1,full_src_edge_0,full_src_edge_1,dst_content_0,att_dst_edge_0,dst_edge_0,full_dst_edge_0,att_edge_0,edge_0,full_edge_0,bias_0
0,1.0,1.0,1.0,-0.5862824320793152,-0.2817714214324951,-0.5862824320793152,-0.2817714214324951,,1.0,,,1.0,1.3954472541809082,1.3954472541809082,-0.6505960822105408
