,param_0,param_1
0,1.5746538757575255,0.7947295363855983
