,src_content_0,src_content_1,att_src_edge_0,src_edge_0,src_edge_1,full_src_edge_0,full_src_edge_1,dst_content_0,att_dst_edge_0,dst_edge_0,full_dst_edge_0,att_edge_0,edge_0,full_edge_0,bias_0
0,1.0,1.0,1.0,-0.7220655083656311,-0.6525858640670776,-0.7220655083656311,-0.6525858640670776,,1.0,,,1.0,1.5614738464355469,1.5614738464355469,-0.013755278661847115
