,src_content_0,src_content_1,att_src_edge_0,src_edge_0,src_edge_1,full_src_edge_0,full_src_edge_1,dst_content_0,att_dst_edge_0,dst_edge_0,full_dst_edge_0,att_edge_0,edge_0,full_edge_0,bias_0
0,0.020133793354034424,0.8487741947174072,1.0,0.0979352742433548,-0.6076205372810364,0.0979352742433548,-0.6076205372810364,,1.0,,,1.0,0.1587044894695282,0.1587044894695282,-0.7842289209365845
