,src_content_0,src_content_1,att_src_edge_0,src_edge_0,src_edge_1,full_src_edge_0,full_src_edge_1,dst_content_0,att_dst_edge_0,dst_edge_0,full_dst_edge_0,att_edge_0,edge_0,full_edge_0,bias_0
0,-1.4684550762176514,0.40714263916015625,1.0,1.1755558252334595,-0.0843110978603363,1.1755558252334595,-0.0843110978603363,,1.0,,,1.0,0.01466555055230856,0.01466555055230856,
