,src_content_0,att_src_edge_0,src_edge_0,full_src_edge_0,dst_content_0,att_dst_edge_0,dst_edge_0,full_dst_edge_0,att_edge_0,edge_0,full_edge_0,bias_0
0,-0.7093580365180969,1.0,0.7396625876426697,0.7396625876426697,,1.0,,,1.0,0.8292797803878784,0.8292797803878784,0.0
