,train_avg_pred-true,train_avg_MAE,val_avg_pred-true,val_avg_MAE
0,0.7698763404,1.1611167143999999,1.663779912,1.837216352
