,train_avg_pred-true,train_avg_MAE,val_avg_pred-true,val_avg_MAE
0,1.0657361527714286,1.757623667057143,1.2087905073333334,1.447817232
