,src_content_0,src_content_1,att_src_edge_0,src_edge_0,src_edge_1,full_src_edge_0,full_src_edge_1,dst_content_0,att_dst_edge_0,dst_edge_0,full_dst_edge_0,att_edge_0,edge_0,full_edge_0,bias_0
0,-0.6647209525108337,0.17159602046012878,1.0,0.12885943055152893,0.04810536652803421,0.12885943055152893,0.04810536652803421,,1.0,,,1.0,-0.15036465227603912,-0.15036465227603912,
