,src_content_0,src_content_1,att_src_edge_0,src_edge_0,src_edge_1,full_src_edge_0,full_src_edge_1,dst_content_0,att_dst_edge_0,dst_edge_0,full_dst_edge_0,att_edge_0,edge_0,full_edge_0,bias_0
0,1.0,1.0,1.0,-0.5426574945449829,-0.34039247035980225,-0.5426574945449829,-0.34039247035980225,,1.0,,,1.0,-0.016818614676594734,-0.016818614676594734,-0.9501441717147827
