,src_content_0,att_src_edge_0,src_edge_0,full_src_edge_0,dst_content_0,att_dst_edge_0,dst_edge_0,full_dst_edge_0,att_edge_0,edge_0,full_edge_0,bias_0
0,0.35324788093566895,1.0,-1.3451186418533325,-1.3451186418533325,,1.0,,,1.0,-0.24907419085502625,-0.24907419085502625,-0.18566355109214783
