,param_0,param_1
0,0.09938132438074611,0.9480743314525178
