,train_avg_pred-true,train_avg_MAE,val_avg_pred-true,val_avg_MAE
0,0.84449434325,0.84449434325,1.1696876999999999,1.1696876999999999
