,train_avg_pred-true,train_avg_MAE,val_avg_pred-true,val_avg_MAE
0,1.531685881666667,1.531685881666667,0.45375816500000005,0.605010865
