,src_content_0,att_src_edge_0,src_edge_0,full_src_edge_0,dst_content_0,att_dst_edge_0,dst_edge_0,full_dst_edge_0,att_edge_0,edge_0,full_edge_0,bias_0
0,-0.055970627814531326,1.0,1.0126670598983765,1.0126670598983765,,1.0,,,1.0,-0.7420061826705933,-0.7420061826705933,0.0
