,src_content_0,src_content_1,att_src_edge_0,src_edge_0,src_edge_1,full_src_edge_0,full_src_edge_1,dst_content_0,att_dst_edge_0,dst_edge_0,full_dst_edge_0,att_edge_0,edge_0,full_edge_0,bias_0
0,-1.5125815868377686,0.2761591672897339,1.0,0.8567095994949341,0.2563868463039398,0.8567095994949341,0.2563868463039398,,1.0,,,1.0,-0.02000085636973381,-0.02000085636973381,
