,param_0,param_1
0,-0.10945480347518632,0.946104589438543
