,param_0,param_1
0,0.29922392887818433,-2.8938261751493064
