,src_content_0,src_content_1,att_src_edge_0,src_edge_0,src_edge_1,full_src_edge_0,full_src_edge_1,dst_content_0,att_dst_edge_0,dst_edge_0,full_dst_edge_0,att_edge_0,edge_0,full_edge_0,bias_0
0,-0.44576331973075867,1.033896565437317,1.0,0.5802158117294312,0.9289460778236389,0.5802158117294312,0.9289460778236389,,1.0,,,1.0,0.4017597436904907,0.4017597436904907,
