,src_content_0,src_content_1,att_src_edge_0,src_edge_0,src_edge_1,full_src_edge_0,full_src_edge_1,dst_content_0,att_dst_edge_0,dst_edge_0,full_dst_edge_0,att_edge_0,edge_0,full_edge_0,bias_0
0,2.399794340133667,2.90130877494812,1.0,0.32197335362434387,-1.2772936820983887,0.32197335362434387,-1.2772936820983887,,1.0,,,1.0,3.6645989418029785,3.6645989418029785,
