,src_content_0,att_src_edge_0,src_edge_0,full_src_edge_0,dst_content_0,att_dst_edge_0,dst_edge_0,full_dst_edge_0,att_edge_0,edge_0,full_edge_0,bias_0
0,0.6153671145439148,1.0,-1.000760555267334,-1.000760555267334,,1.0,,,1.0,0.7007623910903931,0.7007623910903931,-0.17532378435134888
