,src_content_0,src_content_1,att_src_edge_0,src_edge_0,src_edge_1,full_src_edge_0,full_src_edge_1,dst_content_0,att_dst_edge_0,dst_edge_0,full_dst_edge_0,att_edge_0,edge_0,full_edge_0,bias_0
0,0.6703751087188721,1.379791021347046,1.0,-0.46223753690719604,-1.0909614562988281,-0.46223753690719604,-1.0909614562988281,,1.0,,,1.0,1.1302918195724487,1.1302918195724487,-0.14625486731529236
