,src_content_0,att_src_edge_0,src_edge_0,full_src_edge_0,dst_content_0,att_dst_edge_0,dst_edge_0,full_dst_edge_0,att_edge_0,edge_0,full_edge_0,bias_0
0,-0.1759990155696869,1.0,0.5718234181404114,0.5718234181404114,,1.0,,,1.0,-0.7702091336250305,-0.7702091336250305,-0.52696293592453
