,src_content_0,att_src_edge_0,src_edge_0,full_src_edge_0,dst_content_0,att_dst_edge_0,dst_edge_0,full_dst_edge_0,att_edge_0,edge_0,full_edge_0,bias_0
0,0.528225302696228,1.0,-0.15231871604919434,-0.15231871604919434,,1.0,,,1.0,-0.15450923144817352,-0.15450923144817352,-0.3503555357456207
