,train_avg_pred-true,train_avg_MAE,val_avg_pred-true,val_avg_MAE
0,1.1427983231111112,1.1750655695555556,1.0950696915,1.0950696915
