,train_avg_pred-true,train_avg_MAE,val_avg_pred-true,val_avg_MAE
0,1.0470049255000002,1.0940613205,1.578070015,1.578070015
