,src_content_0,src_content_1,att_src_edge_0,src_edge_0,src_edge_1,full_src_edge_0,full_src_edge_1,dst_content_0,att_dst_edge_0,dst_edge_0,full_dst_edge_0,att_edge_0,edge_0,full_edge_0,bias_0
0,0.3384142220020294,0.32800474762916565,1.0,-0.4866955280303955,-0.3850802481174469,-0.4866955280303955,-0.3850802481174469,,1.0,,,1.0,0.5690661668777466,0.5690661668777466,
