,src_content_0,src_content_1,att_src_edge_0,src_edge_0,src_edge_1,full_src_edge_0,full_src_edge_1,dst_content_0,att_dst_edge_0,dst_edge_0,full_dst_edge_0,att_edge_0,edge_0,full_edge_0,bias_0
0,0.4550899565219879,1.9275068044662476,1.0,0.7593358159065247,-1.6702793836593628,0.7593358159065247,-1.6702793836593628,,1.0,,,1.0,0.024875139817595482,0.024875139817595482,
