,src_content_0,src_content_1,att_src_edge_0,src_edge_0,src_edge_1,full_src_edge_0,full_src_edge_1,dst_content_0,att_dst_edge_0,dst_edge_0,full_dst_edge_0,att_edge_0,edge_0,full_edge_0,bias_0
0,-0.8977780342102051,0.3187134861946106,1.0,0.042047638446092606,-0.2613527476787567,0.042047638446092606,-0.2613527476787567,,1.0,,,1.0,-0.08634209632873535,-0.08634209632873535,-0.38009148836135864
