,train_avg_pred-true,train_avg_MAE,val_avg_pred-true,val_avg_MAE
0,0.3190712142857143,0.7886748924285714,1.5730282285714285,1.5730282285714285
