,src_content_0,att_src_edge_0,src_edge_0,full_src_edge_0,dst_content_0,att_dst_edge_0,dst_edge_0,full_dst_edge_0,att_edge_0,edge_0,full_edge_0,bias_0
0,-0.060748692601919174,1.0,-0.03763347491621971,-0.03763347491621971,,1.0,,,1.0,0.000529050244949758,0.000529050244949758,0.6835281848907471
