,src_content_0,att_src_edge_0,src_edge_0,full_src_edge_0,dst_content_0,att_dst_edge_0,dst_edge_0,full_dst_edge_0,att_edge_0,edge_0,full_edge_0,bias_0
0,0.8676481246948242,1.0,-0.22565828263759613,-0.22565828263759613,,1.0,,,1.0,0.596603274345398,0.596603274345398,0.1134762242436409
