,src_content_0,att_src_edge_0,src_edge_0,full_src_edge_0,dst_content_0,att_dst_edge_0,dst_edge_0,full_dst_edge_0,att_edge_0,edge_0,full_edge_0,bias_0
0,0.19937290251255035,1.0,1.3878209590911865,1.3878209590911865,,1.0,,,1.0,-0.48716843128204346,-0.48716843128204346,0.15833210945129395
