,src_content_0,att_src_edge_0,src_edge_0,full_src_edge_0,dst_content_0,att_dst_edge_0,dst_edge_0,full_dst_edge_0,att_edge_0,edge_0,full_edge_0,bias_0
0,2.308610439300537,1.0,-1.634921908378601,-1.634921908378601,,1.0,,,1.0,-1.1974248886108398,-1.1974248886108398,0.8036303520202637
