,src_content_0,src_content_1,att_src_edge_0,src_edge_0,src_edge_1,full_src_edge_0,full_src_edge_1,dst_content_0,att_dst_edge_0,dst_edge_0,full_dst_edge_0,att_edge_0,edge_0,full_edge_0,bias_0
0,1.0,1.0,1.0,-1.4870208501815796,-0.3031087815761566,-1.4870208501815796,-0.3031087815761566,,1.0,,,1.0,-0.09583134204149246,-0.09583134204149246,-0.6251614093780518
