,param_0,param_1
0,1.5781747975354579,-3.236688452635714
