,param_0,param_1
0,-0.028606693159923365,1.0361804460202517
