,src_content_0,att_src_edge_0,src_edge_0,full_src_edge_0,dst_content_0,att_dst_edge_0,dst_edge_0,full_dst_edge_0,att_edge_0,edge_0,full_edge_0,bias_0
0,-1.1588094234466553,1.0,1.546543002128601,1.546543002128601,,1.0,,,1.0,1.3702415227890015,1.3702415227890015,0.11769971996545792
