,src_content_0,att_src_edge_0,src_edge_0,full_src_edge_0,dst_content_0,att_dst_edge_0,dst_edge_0,full_dst_edge_0,att_edge_0,edge_0,full_edge_0,bias_0
0,-0.9563405513763428,1.0,-0.2612569332122803,-0.2612569332122803,,1.0,,,1.0,0.013833360746502876,0.013833360746502876,
