,src_content_0,att_src_edge_0,src_edge_0,full_src_edge_0,dst_content_0,att_dst_edge_0,dst_edge_0,full_dst_edge_0,att_edge_0,edge_0,full_edge_0,bias_0
0,0.712406575679779,1.0,0.03149372711777687,0.03149372711777687,,1.0,,,1.0,-0.8267540335655212,-0.8267540335655212,-1.0474467277526855
