,param_0,param_1
0,0.07380633010368448,0.946480483617464
