,param_0,param_1
0,-2.9291777353290622,1.586449926981695
