,src_content_0,src_content_1,att_src_edge_0,src_edge_0,src_edge_1,full_src_edge_0,full_src_edge_1,dst_content_0,att_dst_edge_0,dst_edge_0,full_dst_edge_0,att_edge_0,edge_0,full_edge_0,bias_0
0,-0.2856513261795044,0.5815398693084717,1.0,-0.0366414338350296,-0.15656335651874542,-0.0366414338350296,-0.15656335651874542,,1.0,,,1.0,0.08511259406805038,0.08511259406805038,-0.8167605996131897
