,src_content_0,att_src_edge_0,src_edge_0,full_src_edge_0,dst_content_0,att_dst_edge_0,dst_edge_0,full_dst_edge_0,att_edge_0,edge_0,full_edge_0,bias_0
0,0.3062663972377777,1.0,0.09650751203298569,0.09650751203298569,,1.0,,,1.0,1.0280306339263916,1.0280306339263916,-1.0557011365890503
