,src_content_0,src_content_1,att_src_edge_0,src_edge_0,src_edge_1,full_src_edge_0,full_src_edge_1,dst_content_0,att_dst_edge_0,dst_edge_0,full_dst_edge_0,att_edge_0,edge_0,full_edge_0,bias_0
0,-0.2928103506565094,0.01497833151370287,1.0,0.06029155105352402,0.0033504017628729343,0.06029155105352402,0.0033504017628729343,,1.0,,,1.0,0.05777069181203842,0.05777069181203842,
