,src_content_0,src_content_1,att_src_edge_0,src_edge_0,src_edge_1,full_src_edge_0,full_src_edge_1,dst_content_0,att_dst_edge_0,dst_edge_0,full_dst_edge_0,att_edge_0,edge_0,full_edge_0,bias_0
0,-0.06408064812421799,0.43274104595184326,1.0,0.5376468300819397,0.3612472414970398,0.5376468300819397,0.3612472414970398,,1.0,,,1.0,0.5525688529014587,0.5525688529014587,-0.3174706995487213
