,param_0,param_1
0,0.03272621112300286,-0.47853499005236344
