,param_0,param_1
0,0.6773993029934882,1.02690215961462
