,param_0,param_1
0,0.07053820488176829,1.229639684435284
