,train_avg_pred-true,train_avg_MAE,val_avg_pred-true,val_avg_MAE
0,0.185284572,0.9642360745,0.7965976266666667,0.7965976266666667
