,src_content_0,att_src_edge_0,src_edge_0,full_src_edge_0,dst_content_0,att_dst_edge_0,dst_edge_0,full_dst_edge_0,att_edge_0,edge_0,full_edge_0,bias_0
0,-0.5075206756591797,1.0,0.8593323230743408,0.8593323230743408,,1.0,,,1.0,-0.06938059628009796,-0.06938059628009796,0.5886616110801697
