,src_content_0,att_src_edge_0,src_edge_0,full_src_edge_0,dst_content_0,att_dst_edge_0,dst_edge_0,full_dst_edge_0,att_edge_0,edge_0,full_edge_0,bias_0
0,-1.144680142402649,1.0,-0.0019920857157558203,-0.0019920857157558203,,1.0,,,1.0,1.3599199056625366,1.3599199056625366,
