,train_avg_pred-true,train_avg_MAE,val_avg_pred-true,val_avg_MAE
0,-0.08902984200000001,0.859095358,0.07561160499999997,0.6596873649999999
