,train_avg_pred-true,train_avg_MAE,val_avg_pred-true,val_avg_MAE
0,0.3329253877999999,0.5487935478,0.683024786,0.8932281639999999
