,train_avg_pred-true,train_avg_MAE,val_avg_pred-true,val_avg_MAE
0,0.22111706842857148,0.847735483,1.0318796516666666,1.0318796516666666
