,src_content_0,att_src_edge_0,src_edge_0,full_src_edge_0,dst_content_0,att_dst_edge_0,dst_edge_0,full_dst_edge_0,att_edge_0,edge_0,full_edge_0,bias_0
0,0.9714272618293762,1.0,-1.0723392963409424,-1.0723392963409424,,1.0,,,1.0,0.6272296905517578,0.6272296905517578,-0.23084187507629395
