,src_content_0,att_src_edge_0,src_edge_0,full_src_edge_0,dst_content_0,att_dst_edge_0,dst_edge_0,full_dst_edge_0,att_edge_0,edge_0,full_edge_0,bias_0
0,0.900061845779419,1.0,-0.2008255571126938,-0.2008255571126938,,1.0,,,1.0,-0.9287561774253845,-0.9287561774253845,-0.7557523846626282
