,src_content_0,att_src_edge_0,src_edge_0,full_src_edge_0,dst_content_0,att_dst_edge_0,dst_edge_0,full_dst_edge_0,att_edge_0,edge_0,full_edge_0,bias_0
0,-0.551901638507843,1.0,-0.6901151537895203,-0.6901151537895203,,1.0,,,1.0,-1.0677047967910767,-1.0677047967910767,-1.017519474029541
