,param_0,param_1
0,1.856083597078993,-0.6057425704544748
