,src_content_0,src_content_1,att_src_edge_0,src_edge_0,src_edge_1,full_src_edge_0,full_src_edge_1,dst_content_0,att_dst_edge_0,dst_edge_0,full_dst_edge_0,att_edge_0,edge_0,full_edge_0,bias_0
0,1.0,1.0,1.0,-1.23203706741333,-0.2659069895744324,-1.23203706741333,-0.2659069895744324,,1.0,,,1.0,1.3572967052459717,1.3572967052459717,-0.006481592543423176
