,src_content_0,src_content_1,att_src_edge_0,src_edge_0,src_edge_1,full_src_edge_0,full_src_edge_1,dst_content_0,att_dst_edge_0,dst_edge_0,full_dst_edge_0,att_edge_0,edge_0,full_edge_0,bias_0
0,-0.3672407865524292,-1.6818994283676147,1.0,-0.27251723408699036,-2.2855520248413086,-0.27251723408699036,-2.2855520248413086,,1.0,,,1.0,0.11834024637937546,0.11834024637937546,
