,src_content_0,att_src_edge_0,src_edge_0,full_src_edge_0,dst_content_0,att_dst_edge_0,dst_edge_0,full_dst_edge_0,att_edge_0,edge_0,full_edge_0,bias_0
0,1.2447590827941895,1.0,-0.5496674180030823,-0.5496674180030823,,1.0,,,1.0,1.474165916442871,1.474165916442871,-1.580991268157959
