,train_avg_pred-true,train_avg_MAE,val_avg_pred-true,val_avg_MAE
0,0.6596299266666666,1.04616466,1.5797506866666666,1.6738634866666666
