,src_content_0,att_src_edge_0,src_edge_0,full_src_edge_0,dst_content_0,att_dst_edge_0,dst_edge_0,full_dst_edge_0,att_edge_0,edge_0,full_edge_0,bias_0
0,1.603955626487732,1.0,-0.4098731577396393,-0.4098731577396393,,1.0,,,1.0,-0.16806308925151825,-0.16806308925151825,-0.4265267550945282
