,src_content_0,att_src_edge_0,src_edge_0,full_src_edge_0,dst_content_0,att_dst_edge_0,dst_edge_0,full_dst_edge_0,att_edge_0,edge_0,full_edge_0,bias_0
0,1.0,1.0,-0.6136164665222168,-0.6136164665222168,,1.0,,,1.0,0.06551764160394669,0.06551764160394669,-0.6896406412124634
