,src_content_0,src_content_1,att_src_edge_0,src_edge_0,src_edge_1,full_src_edge_0,full_src_edge_1,dst_content_0,att_dst_edge_0,dst_edge_0,full_dst_edge_0,att_edge_0,edge_0,full_edge_0,bias_0
0,1.0,1.0,1.0,-0.5357241034507751,-0.4451543986797333,-0.5357241034507751,-0.4451543986797333,,1.0,,,1.0,-0.15132537484169006,-0.15132537484169006,-0.7337110638618469
