,src_content_0,src_content_1,att_src_edge_0,src_edge_0,src_edge_1,full_src_edge_0,full_src_edge_1,dst_content_0,att_dst_edge_0,dst_edge_0,full_dst_edge_0,att_edge_0,edge_0,full_edge_0,bias_0
0,1.0,1.0,1.0,-0.22913673520088196,-0.8092941641807556,-0.22913673520088196,-0.8092941641807556,,1.0,,,1.0,0.35122916102409363,0.35122916102409363,-0.5730522871017456
