,train_avg_pred-true,train_avg_MAE,val_avg_pred-true,val_avg_MAE
0,0.727693628888889,0.7646665111111113,0.7865141229999999,0.7865141229999999
