,src_content_0,src_content_1,att_src_edge_0,src_edge_0,src_edge_1,full_src_edge_0,full_src_edge_1,dst_content_0,att_dst_edge_0,dst_edge_0,full_dst_edge_0,att_edge_0,edge_0,full_edge_0,bias_0
0,-0.5159214735031128,1.386001467704773,1.0,-0.36120930314064026,-0.6949561834335327,-0.36120930314064026,-0.6949561834335327,,1.0,,,1.0,0.5179318189620972,0.5179318189620972,
