,src_content_0,src_content_1,att_src_edge_0,src_edge_0,src_edge_1,full_src_edge_0,full_src_edge_1,dst_content_0,att_dst_edge_0,dst_edge_0,full_dst_edge_0,att_edge_0,edge_0,full_edge_0,bias_0
0,-0.06250998377799988,-0.722053587436676,1.0,1.2669702768325806,-0.6807386875152588,1.2669702768325806,-0.6807386875152588,,1.0,,,1.0,0.48710957169532776,0.48710957169532776,-0.3582508862018585
