,src_content_0,att_src_edge_0,src_edge_0,full_src_edge_0,dst_content_0,att_dst_edge_0,dst_edge_0,full_dst_edge_0,att_edge_0,edge_0,full_edge_0,bias_0
0,-0.10580140352249146,1.0,-0.04842611029744148,-0.04842611029744148,,1.0,,,1.0,-0.04613935574889183,-0.04613935574889183,
