,train_avg_pred-true,train_avg_MAE,val_avg_pred-true,val_avg_MAE
0,1.0481813570000003,1.1419580230000002,0.895416116,1.0345685999999998
