,src_content_0,src_content_1,att_src_edge_0,src_edge_0,src_edge_1,full_src_edge_0,full_src_edge_1,dst_content_0,att_dst_edge_0,dst_edge_0,full_dst_edge_0,att_edge_0,edge_0,full_edge_0,bias_0
0,-0.21953189373016357,-0.416456937789917,1.0,0.040834736078977585,0.6167973279953003,0.040834736078977585,0.6167973279953003,,1.0,,,1.0,0.3876549303531647,0.3876549303531647,
