,src_content_0,att_src_edge_0,src_edge_0,full_src_edge_0,dst_content_0,att_dst_edge_0,dst_edge_0,full_dst_edge_0,att_edge_0,edge_0,full_edge_0,bias_0
0,1.0,1.0,0.19787731766700745,0.19787731766700745,,1.0,,,1.0,0.0711422711610794,0.0711422711610794,-0.4652338922023773
