,train_avg_pred-true,train_avg_MAE,val_avg_pred-true,val_avg_MAE
0,0.8097062233333334,1.1112033000000003,0.9256666468333332,0.9256666468333332
