,param_0,param_1
0,0.1874027766792529,0.3655332622120686
