,param_0,param_1
0,-0.1079994070199686,1.1858017364742046
