,src_content_0,src_content_1,att_src_edge_0,src_edge_0,src_edge_1,full_src_edge_0,full_src_edge_1,dst_content_0,att_dst_edge_0,dst_edge_0,full_dst_edge_0,att_edge_0,edge_0,full_edge_0,bias_0
0,0.15213164687156677,0.8873943090438843,1.0,-0.39510810375213623,-0.2194916307926178,-0.39510810375213623,-0.2194916307926178,,1.0,,,1.0,0.3237740397453308,0.3237740397453308,
