,train_avg_pred-true,train_avg_MAE,val_avg_pred-true,val_avg_MAE
0,0.48652962250000004,1.0335602425000001,1.60832058,1.60832058
