,src_content_0,att_src_edge_0,src_edge_0,full_src_edge_0,dst_content_0,att_dst_edge_0,dst_edge_0,full_dst_edge_0,att_edge_0,edge_0,full_edge_0,bias_0
0,1.4894776344299316,1.0,-1.5366365909576416,-1.5366365909576416,,1.0,,,1.0,-0.6515480279922485,-0.6515480279922485,-0.09843891859054565
