,src_content_0,att_src_edge_0,src_edge_0,full_src_edge_0,dst_content_0,att_dst_edge_0,dst_edge_0,full_dst_edge_0,att_edge_0,edge_0,full_edge_0,bias_0
0,-0.5286270380020142,1.0,0.6470628380775452,0.6470628380775452,,1.0,,,1.0,0.12773266434669495,0.12773266434669495,-0.7865994572639465
