,src_content_0,att_src_edge_0,src_edge_0,full_src_edge_0,dst_content_0,att_dst_edge_0,dst_edge_0,full_dst_edge_0,att_edge_0,edge_0,full_edge_0,bias_0
0,1.0,1.0,-0.6504878997802734,-0.6504878997802734,,1.0,,,1.0,0.39139339327812195,0.39139339327812195,-0.8395838141441345
