,src_content_0,src_content_1,att_src_edge_0,src_edge_0,src_edge_1,full_src_edge_0,full_src_edge_1,dst_content_0,att_dst_edge_0,dst_edge_0,full_dst_edge_0,att_edge_0,edge_0,full_edge_0,bias_0
0,0.10266831517219543,0.07082340121269226,1.0,0.4559817314147949,0.20394037663936615,0.4559817314147949,0.20394037663936615,,1.0,,,1.0,0.40597644448280334,0.40597644448280334,
