,src_content_0,att_src_edge_0,src_edge_0,full_src_edge_0,dst_content_0,att_dst_edge_0,dst_edge_0,full_dst_edge_0,att_edge_0,edge_0,full_edge_0,bias_0
0,0.46449950337409973,1.0,0.06520810723304749,0.06520810723304749,,1.0,,,1.0,0.07342793792486191,0.07342793792486191,-0.38293272256851196
