,src_content_0,src_content_1,att_src_edge_0,src_edge_0,src_edge_1,full_src_edge_0,full_src_edge_1,dst_content_0,att_dst_edge_0,dst_edge_0,full_dst_edge_0,att_edge_0,edge_0,full_edge_0,bias_0
0,-0.08405505120754242,1.3643630743026733,1.0,-0.8040642738342285,-1.2014296054840088,-0.8040642738342285,-1.2014296054840088,,1.0,,,1.0,-0.0507323294878006,-0.0507323294878006,
