,src_content_0,src_content_1,att_src_edge_0,src_edge_0,src_edge_1,full_src_edge_0,full_src_edge_1,dst_content_0,att_dst_edge_0,dst_edge_0,full_dst_edge_0,att_edge_0,edge_0,full_edge_0,bias_0
0,1.0,1.0,1.0,-0.6624266505241394,-1.2077027559280396,-0.6624266505241394,-1.2077027559280396,,1.0,,,1.0,0.04030963033437729,0.04030963033437729,-0.38065558671951294
