,src_content_0,att_src_edge_0,src_edge_0,full_src_edge_0,dst_content_0,att_dst_edge_0,dst_edge_0,full_dst_edge_0,att_edge_0,edge_0,full_edge_0,bias_0
0,-1.6762561798095703,1.0,1.4283047914505005,1.4283047914505005,,1.0,,,1.0,1.0906155109405518,1.0906155109405518,0.0
