,src_content_0,att_src_edge_0,src_edge_0,full_src_edge_0,dst_content_0,att_dst_edge_0,dst_edge_0,full_dst_edge_0,att_edge_0,edge_0,full_edge_0,bias_0
0,0.05166700854897499,1.0,0.23845018446445465,0.23845018446445465,,1.0,,,1.0,0.00017696946451906115,0.00017696946451906115,-0.7531845569610596
