,src_content_0,att_src_edge_0,src_edge_0,full_src_edge_0,dst_content_0,att_dst_edge_0,dst_edge_0,full_dst_edge_0,att_edge_0,edge_0,full_edge_0,bias_0
0,0.25383564829826355,1.0,0.49668654799461365,0.49668654799461365,,1.0,,,1.0,-0.6464776396751404,-0.6464776396751404,0.0
