,src_content_0,src_content_1,att_src_edge_0,src_edge_0,src_edge_1,full_src_edge_0,full_src_edge_1,dst_content_0,att_dst_edge_0,dst_edge_0,full_dst_edge_0,att_edge_0,edge_0,full_edge_0,bias_0
0,-0.3049643635749817,0.45229440927505493,1.0,0.02195931039750576,-0.07320017367601395,0.02195931039750576,-0.07320017367601395,,1.0,,,1.0,-0.008907478302717209,-0.008907478302717209,-0.9799384474754333
