,src_content_0,src_content_1,att_src_edge_0,src_edge_0,src_edge_1,full_src_edge_0,full_src_edge_1,dst_content_0,att_dst_edge_0,dst_edge_0,full_dst_edge_0,att_edge_0,edge_0,full_edge_0,bias_0
0,-0.5743073225021362,-0.10117015987634659,1.0,-0.17946797609329224,0.24001692235469818,-0.17946797609329224,0.24001692235469818,,1.0,,,1.0,-0.15378238260746002,-0.15378238260746002,
