,src_content_0,att_src_edge_0,src_edge_0,full_src_edge_0,dst_content_0,att_dst_edge_0,dst_edge_0,full_dst_edge_0,att_edge_0,edge_0,full_edge_0,bias_0
0,-0.8747539520263672,1.0,0.36277931928634644,0.36277931928634644,,1.0,,,1.0,0.14626236259937286,0.14626236259937286,-0.5785301327705383
