,src_content_0,att_src_edge_0,src_edge_0,full_src_edge_0,dst_content_0,att_dst_edge_0,dst_edge_0,full_dst_edge_0,att_edge_0,edge_0,full_edge_0,bias_0
0,1.3069021701812744,1.0,-0.4114256799221039,-0.4114256799221039,,1.0,,,1.0,0.7348369359970093,0.7348369359970093,-0.7808152437210083
