,train_avg_pred-true,train_avg_MAE,val_avg_pred-true,val_avg_MAE
0,-0.03151098025,0.31258895625,0.5054361549999999,0.5054361549999999
