,src_content_0,src_content_1,att_src_edge_0,src_edge_0,src_edge_1,full_src_edge_0,full_src_edge_1,dst_content_0,att_dst_edge_0,dst_edge_0,full_dst_edge_0,att_edge_0,edge_0,full_edge_0,bias_0
0,1.0,1.0,1.0,-0.5579924583435059,-0.7015150189399719,-0.5579924583435059,-0.7015150189399719,,1.0,,,1.0,0.5563545823097229,0.5563545823097229,-1.037185549736023
