,src_content_0,att_src_edge_0,src_edge_0,full_src_edge_0,dst_content_0,att_dst_edge_0,dst_edge_0,full_dst_edge_0,att_edge_0,edge_0,full_edge_0,bias_0
0,-1.2094674110412598,1.0,-0.6953126192092896,-0.6953126192092896,,1.0,,,1.0,-2.956867218017578,-2.956867218017578,-0.14034724235534668
