,src_content_0,att_src_edge_0,src_edge_0,full_src_edge_0,dst_content_0,att_dst_edge_0,dst_edge_0,full_dst_edge_0,att_edge_0,edge_0,full_edge_0,bias_0
0,0.8763599395751953,1.0,0.45518621802330017,0.45518621802330017,,1.0,,,1.0,-1.3568031787872314,-1.3568031787872314,
