,src_content_0,src_content_1,att_src_edge_0,src_edge_0,src_edge_1,full_src_edge_0,full_src_edge_1,dst_content_0,att_dst_edge_0,dst_edge_0,full_dst_edge_0,att_edge_0,edge_0,full_edge_0,bias_0
0,-1.437197208404541,-0.48331573605537415,1.0,1.1873561143875122,-0.07791116833686829,1.1873561143875122,-0.07791116833686829,,1.0,,,1.0,-0.4187214970588684,-0.4187214970588684,-0.5813780426979065
