,src_content_0,src_content_1,att_src_edge_0,src_edge_0,src_edge_1,full_src_edge_0,full_src_edge_1,dst_content_0,att_dst_edge_0,dst_edge_0,full_dst_edge_0,att_edge_0,edge_0,full_edge_0,bias_0
0,0.5930168628692627,0.03813705965876579,1.0,0.367517352104187,0.5053018927574158,0.367517352104187,0.5053018927574158,,1.0,,,1.0,0.46732187271118164,0.46732187271118164,
