,src_content_0,src_content_1,att_src_edge_0,src_edge_0,src_edge_1,full_src_edge_0,full_src_edge_1,dst_content_0,att_dst_edge_0,dst_edge_0,full_dst_edge_0,att_edge_0,edge_0,full_edge_0,bias_0
0,-0.371676504611969,0.9874649047851562,1.0,-1.0835707187652588,-0.37573739886283875,-1.0835707187652588,-0.37573739886283875,,1.0,,,1.0,0.47486698627471924,0.47486698627471924,
