,src_content_0,att_src_edge_0,src_edge_0,full_src_edge_0,dst_content_0,att_dst_edge_0,dst_edge_0,full_dst_edge_0,att_edge_0,edge_0,full_edge_0,bias_0
0,1.0766534805297852,1.0,-0.44313719868659973,-0.44313719868659973,,1.0,,,1.0,0.051092829555273056,0.051092829555273056,-0.9184747934341431
