,src_content_0,src_content_1,att_src_edge_0,src_edge_0,src_edge_1,full_src_edge_0,full_src_edge_1,dst_content_0,att_dst_edge_0,dst_edge_0,full_dst_edge_0,att_edge_0,edge_0,full_edge_0,bias_0
0,-0.7992679476737976,0.6035302877426147,1.0,0.19608063995838165,0.037961412221193314,0.19608063995838165,0.037961412221193314,,1.0,,,1.0,-0.02013084664940834,-0.02013084664940834,
