,src_content_0,att_src_edge_0,src_edge_0,full_src_edge_0,dst_content_0,att_dst_edge_0,dst_edge_0,full_dst_edge_0,att_edge_0,edge_0,full_edge_0,bias_0
0,-0.25560951232910156,1.0,-0.13245852291584015,-0.13245852291584015,,1.0,,,1.0,0.42705637216567993,0.42705637216567993,
