,train_avg_pred-true,train_avg_MAE,val_avg_pred-true,val_avg_MAE
0,0.7582803133333332,0.7582803133333332,1.16162085,1.16162085
