,train_avg_pred-true,train_avg_MAE,val_avg_pred-true,val_avg_MAE
0,1.69251791875,1.69251791875,1.4701764200000003,1.4701764200000003
