,train_avg_pred-true,train_avg_MAE,val_avg_pred-true,val_avg_MAE
0,1.5301733403333335,1.5301733403333335,1.2629602060000003,1.2629602060000003
