,src_content_0,src_content_1,att_src_edge_0,src_edge_0,src_edge_1,full_src_edge_0,full_src_edge_1,dst_content_0,att_dst_edge_0,dst_edge_0,full_dst_edge_0,att_edge_0,edge_0,full_edge_0,bias_0
0,1.0,1.0,1.0,-0.6844460368156433,-1.2647851705551147,-0.6844460368156433,-1.2647851705551147,,1.0,,,1.0,0.5327692627906799,0.5327692627906799,-0.14300565421581268
