,src_content_0,att_src_edge_0,src_edge_0,full_src_edge_0,dst_content_0,att_dst_edge_0,dst_edge_0,full_dst_edge_0,att_edge_0,edge_0,full_edge_0,bias_0
0,-0.059334028512239456,1.0,1.6021510362625122,1.6021510362625122,,1.0,,,1.0,0.6929183602333069,0.6929183602333069,0.0
