,src_content_0,att_src_edge_0,src_edge_0,full_src_edge_0,dst_content_0,att_dst_edge_0,dst_edge_0,full_dst_edge_0,att_edge_0,edge_0,full_edge_0,bias_0
0,1.1730163097381592,1.0,-0.17402833700180054,-0.17402833700180054,,1.0,,,1.0,-0.9664141535758972,-0.9664141535758972,0.0
