,src_content_0,att_src_edge_0,src_edge_0,full_src_edge_0,dst_content_0,att_dst_edge_0,dst_edge_0,full_dst_edge_0,att_edge_0,edge_0,full_edge_0,bias_0
0,0.35181963443756104,1.0,0.11746323108673096,0.11746323108673096,,1.0,,,1.0,0.5433940291404724,0.5433940291404724,-0.7697820663452148
