,src_content_0,att_src_edge_0,src_edge_0,full_src_edge_0,dst_content_0,att_dst_edge_0,dst_edge_0,full_dst_edge_0,att_edge_0,edge_0,full_edge_0,bias_0
0,1.3396540880203247,1.0,0.5191941857337952,0.5191941857337952,,1.0,,,1.0,-0.5963551998138428,-0.5963551998138428,-1.3055484294891357
