,src_content_0,att_src_edge_0,src_edge_0,full_src_edge_0,dst_content_0,att_dst_edge_0,dst_edge_0,full_dst_edge_0,att_edge_0,edge_0,full_edge_0,bias_0
0,1.1260478496551514,1.0,0.06781370937824249,0.06781370937824249,,1.0,,,1.0,0.6967335939407349,0.6967335939407349,0.0
