,src_content_0,att_src_edge_0,src_edge_0,full_src_edge_0,dst_content_0,att_dst_edge_0,dst_edge_0,full_dst_edge_0,att_edge_0,edge_0,full_edge_0,bias_0
0,0.7564911246299744,1.0,-0.36419057846069336,-0.36419057846069336,,1.0,,,1.0,1.6236138343811035,1.6236138343811035,-0.44193223118782043
