,src_content_0,att_src_edge_0,src_edge_0,full_src_edge_0,dst_content_0,att_dst_edge_0,dst_edge_0,full_dst_edge_0,att_edge_0,edge_0,full_edge_0,bias_0
0,1.2175226211547852,1.0,-1.3864035606384277,-1.3864035606384277,,1.0,,,1.0,0.20692753791809082,0.20692753791809082,-0.3774861991405487
