,train_avg_pred-true,train_avg_MAE,val_avg_pred-true,val_avg_MAE
0,0.1966285125,0.8054207175,0.8016394166666667,0.8016394166666667
