,src_content_0,att_src_edge_0,src_edge_0,full_src_edge_0,dst_content_0,att_dst_edge_0,dst_edge_0,full_dst_edge_0,att_edge_0,edge_0,full_edge_0,bias_0
0,1.4548252820968628,1.0,-0.439298152923584,-0.439298152923584,,1.0,,,1.0,1.0593994855880737,1.0593994855880737,-0.08537110686302185
