,src_content_0,att_src_edge_0,src_edge_0,full_src_edge_0,dst_content_0,att_dst_edge_0,dst_edge_0,full_dst_edge_0,att_edge_0,edge_0,full_edge_0,bias_0
0,-1.3136874437332153,1.0,0.11648618429899216,0.11648618429899216,,1.0,,,1.0,0.6970776319503784,0.6970776319503784,0.3028992712497711
