,src_content_0,att_src_edge_0,src_edge_0,full_src_edge_0,dst_content_0,att_dst_edge_0,dst_edge_0,full_dst_edge_0,att_edge_0,edge_0,full_edge_0,bias_0
0,0.1250651329755783,1.0,0.9333057403564453,0.9333057403564453,,1.0,,,1.0,-0.034725941717624664,-0.034725941717624664,-0.21593588590621948
