,src_content_0,att_src_edge_0,src_edge_0,full_src_edge_0,dst_content_0,att_dst_edge_0,dst_edge_0,full_dst_edge_0,att_edge_0,edge_0,full_edge_0,bias_0
0,0.6664090752601624,1.0,-0.3673458695411682,-0.3673458695411682,,1.0,,,1.0,0.5137106776237488,0.5137106776237488,-0.7348841428756714
