,src_content_0,att_src_edge_0,src_edge_0,full_src_edge_0,dst_content_0,att_dst_edge_0,dst_edge_0,full_dst_edge_0,att_edge_0,edge_0,full_edge_0,bias_0
0,0.0923260748386383,1.0,0.2799783945083618,0.2799783945083618,,1.0,,,1.0,0.16842588782310486,0.16842588782310486,-1.280309796333313
