,train_avg_pred-true,train_avg_MAE,val_avg_pred-true,val_avg_MAE
0,1.612017877777778,1.7209198288888892,1.2644727415,1.2644727415
