,train_avg_pred-true,train_avg_MAE,val_avg_pred-true,val_avg_MAE
0,0.9982679511111111,1.3310239346666668,-0.18906589500000004,1.33102394
