,src_content_0,att_src_edge_0,src_edge_0,full_src_edge_0,dst_content_0,att_dst_edge_0,dst_edge_0,full_dst_edge_0,att_edge_0,edge_0,full_edge_0,bias_0
0,1.1058014631271362,1.0,0.6116495728492737,0.6116495728492737,,1.0,,,1.0,0.5400891304016113,0.5400891304016113,0.0
