,src_content_0,att_src_edge_0,src_edge_0,full_src_edge_0,dst_content_0,att_dst_edge_0,dst_edge_0,full_dst_edge_0,att_edge_0,edge_0,full_edge_0,bias_0
0,0.13979798555374146,1.0,-1.2561228275299072,-1.2561228275299072,,1.0,,,1.0,0.25329354405403137,0.25329354405403137,
