,src_content_0,src_content_1,att_src_edge_0,src_edge_0,src_edge_1,full_src_edge_0,full_src_edge_1,dst_content_0,att_dst_edge_0,dst_edge_0,full_dst_edge_0,att_edge_0,edge_0,full_edge_0,bias_0
0,1.0,1.0,1.0,0.09009049832820892,-0.14641906321048737,0.09009049832820892,-0.14641906321048737,,1.0,,,1.0,0.07302196323871613,0.07302196323871613,0.0696505755186081
