,src_content_0,att_src_edge_0,src_edge_0,full_src_edge_0,dst_content_0,att_dst_edge_0,dst_edge_0,full_dst_edge_0,att_edge_0,edge_0,full_edge_0,bias_0
0,0.7064934372901917,1.0,-1.2819198369979858,-1.2819198369979858,,1.0,,,1.0,0.32287028431892395,0.32287028431892395,-0.4077765941619873
