,src_content_0,src_content_1,att_src_edge_0,src_edge_0,src_edge_1,full_src_edge_0,full_src_edge_1,dst_content_0,att_dst_edge_0,dst_edge_0,full_dst_edge_0,att_edge_0,edge_0,full_edge_0,bias_0
0,-0.301341712474823,0.08343218266963959,1.0,0.040649086236953735,0.00754846865311265,0.040649086236953735,0.00754846865311265,,1.0,,,1.0,0.022820603102445602,0.022820603102445602,-0.5794798731803894
