,train_avg_pred-true,train_avg_MAE,val_avg_pred-true,val_avg_MAE
0,0.4033405833333334,0.5243427833333333,0.15125268000000003,0.15125268000000003
