,src_content_0,att_src_edge_0,src_edge_0,full_src_edge_0,dst_content_0,att_dst_edge_0,dst_edge_0,full_dst_edge_0,att_edge_0,edge_0,full_edge_0,bias_0
0,1.0,1.0,-0.8919603824615479,-0.8919603824615479,,1.0,,,1.0,0.14249800145626068,0.14249800145626068,-0.6365742087364197
