,src_content_0,src_content_1,att_src_edge_0,src_edge_0,src_edge_1,full_src_edge_0,full_src_edge_1,dst_content_0,att_dst_edge_0,dst_edge_0,full_dst_edge_0,att_edge_0,edge_0,full_edge_0,bias_0
0,-0.744206964969635,0.41612955927848816,1.0,0.7982399463653564,-0.5745785236358643,0.7982399463653564,-0.5745785236358643,,1.0,,,1.0,0.08386020362377167,0.08386020362377167,0.4163907468318939
