,src_content_0,att_src_edge_0,src_edge_0,full_src_edge_0,dst_content_0,att_dst_edge_0,dst_edge_0,full_dst_edge_0,att_edge_0,edge_0,full_edge_0,bias_0
0,-1.1744718551635742,1.0,0.4652818441390991,0.4652818441390991,,1.0,,,1.0,-1.2021937370300293,-1.2021937370300293,-0.5670079588890076
