,train_avg_pred-true,train_avg_MAE,val_avg_pred-true,val_avg_MAE
0,0.7898753098888888,1.7746985787777778,1.6839469409999999,1.6839469409999999
