,src_content_0,src_content_1,att_src_edge_0,src_edge_0,src_edge_1,full_src_edge_0,full_src_edge_1,dst_content_0,att_dst_edge_0,dst_edge_0,full_dst_edge_0,att_edge_0,edge_0,full_edge_0,bias_0
0,1.0,1.0,1.0,-0.3875366747379303,-0.16562706232070923,-0.3875366747379303,-0.16562706232070923,,1.0,,,1.0,0.0010268783662468195,0.0010268783662468195,0.5828549861907959
