,src_content_0,src_content_1,att_src_edge_0,src_edge_0,src_edge_1,full_src_edge_0,full_src_edge_1,dst_content_0,att_dst_edge_0,dst_edge_0,full_dst_edge_0,att_edge_0,edge_0,full_edge_0,bias_0
0,2.58758544921875,2.860945224761963,1.0,0.42272329330444336,-1.5110276937484741,0.42272329330444336,-1.5110276937484741,,1.0,,,1.0,3.6806485652923584,3.6806485652923584,
