,src_content_0,att_src_edge_0,src_edge_0,full_src_edge_0,dst_content_0,att_dst_edge_0,dst_edge_0,full_dst_edge_0,att_edge_0,edge_0,full_edge_0,bias_0
0,1.4626892805099487,1.0,1.711080551147461,1.711080551147461,,1.0,,,1.0,-0.048134636133909225,-0.048134636133909225,0.0
