,src_content_0,src_content_1,att_src_edge_0,src_edge_0,src_edge_1,full_src_edge_0,full_src_edge_1,dst_content_0,att_dst_edge_0,dst_edge_0,full_dst_edge_0,att_edge_0,edge_0,full_edge_0,bias_0
0,-0.579649806022644,-0.2429436445236206,1.0,0.1368943452835083,-0.18011434376239777,0.1368943452835083,-0.18011434376239777,,1.0,,,1.0,-0.11029890179634094,-0.11029890179634094,-0.2064637988805771
