,train_avg_pred-true,train_avg_MAE,val_avg_pred-true,val_avg_MAE
0,0.7953372043333333,0.8255877476666668,1.478495305,1.478495305
