,src_content_0,att_src_edge_0,src_edge_0,full_src_edge_0,dst_content_0,att_dst_edge_0,dst_edge_0,full_dst_edge_0,att_edge_0,edge_0,full_edge_0,bias_0
0,-0.11884234100580215,1.0,-0.10361441224813461,-0.10361441224813461,,1.0,,,1.0,-0.03939318284392357,-0.03939318284392357,0.2029276192188263
