,train_avg_pred-true,train_avg_MAE,val_avg_pred-true,val_avg_MAE
0,1.4580762197857144,1.609328938357143,1.7141974771666666,1.7141974771666666
