,src_content_0,src_content_1,att_src_edge_0,src_edge_0,src_edge_1,full_src_edge_0,full_src_edge_1,dst_content_0,att_dst_edge_0,dst_edge_0,full_dst_edge_0,att_edge_0,edge_0,full_edge_0,bias_0
0,1.0,1.0,1.0,0.14860819280147552,0.10982305556535721,0.14860819280147552,0.10982305556535721,,1.0,,,1.0,0.04981577768921852,0.04981577768921852,-0.44899314641952515
