,src_content_0,src_content_1,att_src_edge_0,src_edge_0,src_edge_1,full_src_edge_0,full_src_edge_1,dst_content_0,att_dst_edge_0,dst_edge_0,full_dst_edge_0,att_edge_0,edge_0,full_edge_0,bias_0
0,-0.5648481249809265,-0.1997021585702896,1.0,0.9595049023628235,0.45365265011787415,0.9595049023628235,0.45365265011787415,,1.0,,,1.0,0.28969910740852356,0.28969910740852356,
