,src_content_0,src_content_1,att_src_edge_0,src_edge_0,src_edge_1,full_src_edge_0,full_src_edge_1,dst_content_0,att_dst_edge_0,dst_edge_0,full_dst_edge_0,att_edge_0,edge_0,full_edge_0,bias_0
0,-0.9224489331245422,0.6329104900360107,1.0,-0.061585940420627594,0.22032710909843445,-0.061585940420627594,0.22032710909843445,,1.0,,,1.0,-0.08014143258333206,-0.08014143258333206,
