,src_content_0,src_content_1,att_src_edge_0,src_edge_0,src_edge_1,full_src_edge_0,full_src_edge_1,dst_content_0,att_dst_edge_0,dst_edge_0,full_dst_edge_0,att_edge_0,edge_0,full_edge_0,bias_0
0,1.0,1.0,1.0,-1.2806423902511597,-0.48696544766426086,-1.2806423902511597,-0.48696544766426086,,1.0,,,1.0,0.027669822797179222,0.027669822797179222,-0.6878193616867065
