,param_0,param_1
0,0.012811750340508316,1.0249044012541368
