,src_content_0,src_content_1,att_src_edge_0,src_edge_0,src_edge_1,full_src_edge_0,full_src_edge_1,dst_content_0,att_dst_edge_0,dst_edge_0,full_dst_edge_0,att_edge_0,edge_0,full_edge_0,bias_0
0,1.0,1.0,1.0,-0.9750756025314331,-0.4792042076587677,-0.9750756025314331,-0.4792042076587677,,1.0,,,1.0,0.14336435496807098,0.14336435496807098,-1.6672629117965698
