,src_content_0,att_src_edge_0,src_edge_0,full_src_edge_0,dst_content_0,att_dst_edge_0,dst_edge_0,full_dst_edge_0,att_edge_0,edge_0,full_edge_0,bias_0
0,-0.19101576507091522,1.0,0.012095475569367409,0.012095475569367409,,1.0,,,1.0,-0.015016432851552963,-0.015016432851552963,-0.8104609251022339
