,src_content_0,src_content_1,att_src_edge_0,src_edge_0,src_edge_1,full_src_edge_0,full_src_edge_1,dst_content_0,att_dst_edge_0,dst_edge_0,full_dst_edge_0,att_edge_0,edge_0,full_edge_0,bias_0
0,-1.0084646940231323,-0.3177111744880676,1.0,0.7046732306480408,0.6080514192581177,0.7046732306480408,0.6080514192581177,,1.0,,,1.0,0.014287884347140789,0.014287884347140789,
