,src_content_0,att_src_edge_0,src_edge_0,full_src_edge_0,dst_content_0,att_dst_edge_0,dst_edge_0,full_dst_edge_0,att_edge_0,edge_0,full_edge_0,bias_0
0,-1.748492956161499,1.0,-1.8259875774383545,-1.8259875774383545,,1.0,,,1.0,3.862989902496338,3.862989902496338,0.6999181509017944
