,src_content_0,src_content_1,att_src_edge_0,src_edge_0,src_edge_1,full_src_edge_0,full_src_edge_1,dst_content_0,att_dst_edge_0,dst_edge_0,full_dst_edge_0,att_edge_0,edge_0,full_edge_0,bias_0
0,0.062261492013931274,-0.3832923471927643,1.0,-0.921858012676239,0.20413075387477875,-0.921858012676239,0.20413075387477875,,1.0,,,1.0,0.457185834646225,0.457185834646225,0.001609840546734631
