,src_content_0,src_content_1,att_src_edge_0,src_edge_0,src_edge_1,full_src_edge_0,full_src_edge_1,dst_content_0,att_dst_edge_0,dst_edge_0,full_dst_edge_0,att_edge_0,edge_0,full_edge_0,bias_0
0,-0.9990741014480591,-0.8567487597465515,1.0,0.6079280376434326,0.3197178542613983,0.6079280376434326,0.3197178542613983,,1.0,,,1.0,0.566499650478363,0.566499650478363,
