,param_0,param_1
0,-1.5588506465415575,-1.9704030162523947
