,src_content_0,att_src_edge_0,src_edge_0,full_src_edge_0,dst_content_0,att_dst_edge_0,dst_edge_0,full_dst_edge_0,att_edge_0,edge_0,full_edge_0,bias_0
0,0.5958330631256104,1.0,-1.8939164876937866,-1.8939164876937866,,1.0,,,1.0,0.5826504826545715,0.5826504826545715,-0.5543713569641113
