,train_avg_pred-true,train_avg_MAE,val_avg_pred-true,val_avg_MAE
0,0.8659218128333334,1.0070910161666666,1.1671668266666666,1.1671668266666666
