,train_avg_pred-true,train_avg_MAE,val_avg_pred-true,val_avg_MAE
0,1.8483082400000002,1.8483082400000002,0.6776121940000002,0.9196165219999999
