,train_avg_pred-true,train_avg_MAE,val_avg_pred-true,val_avg_MAE
0,1.4807641292499998,1.4807641292499998,1.542777715,1.542777715
