,src_content_0,src_content_1,att_src_edge_0,src_edge_0,src_edge_1,full_src_edge_0,full_src_edge_1,dst_content_0,att_dst_edge_0,dst_edge_0,full_dst_edge_0,att_edge_0,edge_0,full_edge_0,bias_0
0,-0.7486352324485779,-1.0995938777923584,1.0,1.303428053855896,-0.8965168595314026,1.303428053855896,-0.8965168595314026,,1.0,,,1.0,0.1690039038658142,0.1690039038658142,
