,src_content_0,att_src_edge_0,src_edge_0,full_src_edge_0,dst_content_0,att_dst_edge_0,dst_edge_0,full_dst_edge_0,att_edge_0,edge_0,full_edge_0,bias_0
0,-1.0593820810317993,1.0,-0.3199654221534729,-0.3199654221534729,,1.0,,,1.0,0.056221313774585724,0.056221313774585724,0.27391496300697327
