,src_content_0,att_src_edge_0,src_edge_0,full_src_edge_0,dst_content_0,att_dst_edge_0,dst_edge_0,full_dst_edge_0,att_edge_0,edge_0,full_edge_0,bias_0
0,-0.4496822953224182,1.0,0.10165227949619293,0.10165227949619293,,1.0,,,1.0,0.4748285710811615,0.4748285710811615,
