,src_content_0,src_content_1,att_src_edge_0,src_edge_0,src_edge_1,full_src_edge_0,full_src_edge_1,dst_content_0,att_dst_edge_0,dst_edge_0,full_dst_edge_0,att_edge_0,edge_0,full_edge_0,bias_0
0,-0.1791652888059616,0.04701109230518341,1.0,0.11624237149953842,0.346282422542572,0.11624237149953842,0.346282422542572,,1.0,,,1.0,0.34699541330337524,0.34699541330337524,0.31761181354522705
