,src_content_0,att_src_edge_0,src_edge_0,full_src_edge_0,dst_content_0,att_dst_edge_0,dst_edge_0,full_dst_edge_0,att_edge_0,edge_0,full_edge_0,bias_0
0,1.4252703189849854,1.0,-0.5545105934143066,-0.5545105934143066,,1.0,,,1.0,-0.01545869093388319,-0.01545869093388319,-0.8002627491950989
