,src_content_0,src_content_1,att_src_edge_0,src_edge_0,src_edge_1,full_src_edge_0,full_src_edge_1,dst_content_0,att_dst_edge_0,dst_edge_0,full_dst_edge_0,att_edge_0,edge_0,full_edge_0,bias_0
0,-0.4530332684516907,-0.8356466889381409,1.0,1.1843796968460083,-0.1596226692199707,1.1843796968460083,-0.1596226692199707,,1.0,,,1.0,0.16261720657348633,0.16261720657348633,-0.5628641843795776
