,src_content_0,att_src_edge_0,src_edge_0,full_src_edge_0,dst_content_0,att_dst_edge_0,dst_edge_0,full_dst_edge_0,att_edge_0,edge_0,full_edge_0,bias_0
0,1.1679185628890991,1.0,-0.313780814409256,-0.313780814409256,,1.0,,,1.0,1.3814175128936768,1.3814175128936768,-0.365692675113678
