,src_content_0,src_content_1,att_src_edge_0,src_edge_0,src_edge_1,full_src_edge_0,full_src_edge_1,dst_content_0,att_dst_edge_0,dst_edge_0,full_dst_edge_0,att_edge_0,edge_0,full_edge_0,bias_0
0,-0.35264942049980164,1.0074931383132935,1.0,-0.3443828821182251,-0.11177721619606018,-0.3443828821182251,-0.11177721619606018,,1.0,,,1.0,0.5439423322677612,0.5439423322677612,
