,param_0,param_1
0,0.4590864927760485,5.059123845927932
