,param_0,param_1
0,0.05707422753317189,1.0199615378555829
