,param_0,param_1
0,1.7637748579071968,0.6341591143700906
