,src_content_0,att_src_edge_0,src_edge_0,full_src_edge_0,dst_content_0,att_dst_edge_0,dst_edge_0,full_dst_edge_0,att_edge_0,edge_0,full_edge_0,bias_0
0,0.6261194944381714,1.0,0.30650100111961365,0.30650100111961365,,1.0,,,1.0,-0.4241575300693512,-0.4241575300693512,
