,train_avg_pred-true,train_avg_MAE,val_avg_pred-true,val_avg_MAE
0,1.4633700683333333,1.5667260883333334,1.8251161433333334,1.8251161433333334
