,train_avg_pred-true,train_avg_MAE,val_avg_pred-true,val_avg_MAE
0,1.4428592845454544,1.4428592845454544,1.3834582062000003,1.3834582062000003
