,src_content_0,src_content_1,att_src_edge_0,src_edge_0,src_edge_1,full_src_edge_0,full_src_edge_1,dst_content_0,att_dst_edge_0,dst_edge_0,full_dst_edge_0,att_edge_0,edge_0,full_edge_0,bias_0
0,-0.8127982020378113,1.1857497692108154,1.0,0.24288888275623322,0.9194166660308838,0.24288888275623322,0.9194166660308838,,1.0,,,1.0,0.5643742084503174,0.5643742084503174,0.42401859164237976
