,train_avg_pred-true,train_avg_MAE,val_avg_pred-true,val_avg_MAE
0,1.5111827215555556,1.5111827215555556,1.3824498385,1.3824498385
