,src_content_0,att_src_edge_0,src_edge_0,full_src_edge_0,dst_content_0,att_dst_edge_0,dst_edge_0,full_dst_edge_0,att_edge_0,edge_0,full_edge_0,bias_0
0,-0.8282042741775513,1.0,0.43558332324028015,0.43558332324028015,,1.0,,,1.0,-0.21143867075443268,-0.21143867075443268,
