,param_0,param_1
0,0.03230730449028656,1.043377808457323
