,src_content_0,att_src_edge_0,src_edge_0,full_src_edge_0,dst_content_0,att_dst_edge_0,dst_edge_0,full_dst_edge_0,att_edge_0,edge_0,full_edge_0,bias_0
0,-0.5747126936912537,1.0,-0.423495352268219,-0.423495352268219,,1.0,,,1.0,-0.024173345416784286,-0.024173345416784286,-1.2012461423873901
