,src_content_0,src_content_1,att_src_edge_0,src_edge_0,src_edge_1,full_src_edge_0,full_src_edge_1,dst_content_0,att_dst_edge_0,dst_edge_0,full_dst_edge_0,att_edge_0,edge_0,full_edge_0,bias_0
0,1.0,1.0,1.0,-0.44458144903182983,-0.3462533950805664,-0.44458144903182983,-0.3462533950805664,,1.0,,,1.0,0.1424042135477066,0.1424042135477066,-1.1145583391189575
