,src_content_0,att_src_edge_0,src_edge_0,full_src_edge_0,dst_content_0,att_dst_edge_0,dst_edge_0,full_dst_edge_0,att_edge_0,edge_0,full_edge_0,bias_0
0,0.19841322302818298,1.0,0.9275473952293396,0.9275473952293396,,1.0,,,1.0,0.1490039825439453,0.1490039825439453,0.4537751376628876
