,src_content_0,att_src_edge_0,src_edge_0,full_src_edge_0,dst_content_0,att_dst_edge_0,dst_edge_0,full_dst_edge_0,att_edge_0,edge_0,full_edge_0,bias_0
0,-0.259689062833786,1.0,1.4051451683044434,1.4051451683044434,,1.0,,,1.0,0.44749557971954346,0.44749557971954346,0.0
