,src_content_0,src_content_1,att_src_edge_0,src_edge_0,src_edge_1,full_src_edge_0,full_src_edge_1,dst_content_0,att_dst_edge_0,dst_edge_0,full_dst_edge_0,att_edge_0,edge_0,full_edge_0,bias_0
0,-1.125179648399353,0.3213604986667633,1.0,0.46776750683784485,0.11399330198764801,0.46776750683784485,0.11399330198764801,,1.0,,,1.0,-0.1470785140991211,-0.1470785140991211,
