,train_avg_pred-true,train_avg_MAE,val_avg_pred-true,val_avg_MAE
0,1.2100218259999997,1.2100218259999997,1.3310239999999998,1.3310239999999998
