,train_avg_pred-true,train_avg_MAE,val_avg_pred-true,val_avg_MAE
0,1.045158438,1.0845039980000002,2.253850895,2.253850895
