,train_avg_pred-true,train_avg_MAE,val_avg_pred-true,val_avg_MAE
0,1.2251470199999999,1.2251470199999999,1.2916982075,1.2916982075
