,src_content_0,att_src_edge_0,src_edge_0,full_src_edge_0,dst_content_0,att_dst_edge_0,dst_edge_0,full_dst_edge_0,att_edge_0,edge_0,full_edge_0,bias_0
0,-0.2516775131225586,1.0,0.266623318195343,0.266623318195343,,1.0,,,1.0,0.8208026885986328,0.8208026885986328,-0.7134580612182617
