,src_content_0,src_content_1,att_src_edge_0,src_edge_0,src_edge_1,full_src_edge_0,full_src_edge_1,dst_content_0,att_dst_edge_0,dst_edge_0,full_dst_edge_0,att_edge_0,edge_0,full_edge_0,bias_0
0,-0.08810146152973175,-0.20984700322151184,1.0,0.006939699407666922,0.03632861748337746,0.006939699407666922,0.03632861748337746,,1.0,,,1.0,-0.008701271377503872,-0.008701271377503872,-0.5021377205848694
