,src_content_0,att_src_edge_0,src_edge_0,full_src_edge_0,dst_content_0,att_dst_edge_0,dst_edge_0,full_dst_edge_0,att_edge_0,edge_0,full_edge_0,bias_0
0,-0.218948632478714,1.0,-0.46649250388145447,-0.46649250388145447,,1.0,,,1.0,0.01075997669249773,0.01075997669249773,-1.3818153142929077
