,train_avg_pred-true,train_avg_MAE,val_avg_pred-true,val_avg_MAE
0,0.9500911672222223,1.008351474777778,1.6599985975,1.6599985975
