,src_content_0,att_src_edge_0,src_edge_0,full_src_edge_0,dst_content_0,att_dst_edge_0,dst_edge_0,full_dst_edge_0,att_edge_0,edge_0,full_edge_0,bias_0
0,-1.5819194316864014,1.0,0.06674279272556305,0.06674279272556305,,1.0,,,1.0,0.1505991816520691,0.1505991816520691,-0.21939949691295624
