,train_avg_pred-true,train_avg_MAE,val_avg_pred-true,val_avg_MAE
0,1.081754930307692,1.2103623026153847,1.2810982583333335,1.3145460016666666
