,src_content_0,att_src_edge_0,src_edge_0,full_src_edge_0,dst_content_0,att_dst_edge_0,dst_edge_0,full_dst_edge_0,att_edge_0,edge_0,full_edge_0,bias_0
0,0.6619220972061157,1.0,-0.27421262860298157,-0.27421262860298157,,1.0,,,1.0,-0.8509202599525452,-0.8509202599525452,0.0
