,src_content_0,att_src_edge_0,src_edge_0,full_src_edge_0,dst_content_0,att_dst_edge_0,dst_edge_0,full_dst_edge_0,att_edge_0,edge_0,full_edge_0,bias_0
0,-1.0665290355682373,1.0,0.7493289709091187,0.7493289709091187,,1.0,,,1.0,1.0978848934173584,1.0978848934173584,0.0
