,src_content_0,att_src_edge_0,src_edge_0,full_src_edge_0,dst_content_0,att_dst_edge_0,dst_edge_0,full_dst_edge_0,att_edge_0,edge_0,full_edge_0,bias_0
0,-0.40266719460487366,1.0,0.7742426991462708,0.7742426991462708,,1.0,,,1.0,0.49570232629776,0.49570232629776,-0.4052959978580475
