,train_avg_pred-true,train_avg_MAE,val_avg_pred-true,val_avg_MAE
0,0.589255398,0.589255398,0.3613259686666667,0.6806372646666667
