,src_content_0,src_content_1,att_src_edge_0,src_edge_0,src_edge_1,full_src_edge_0,full_src_edge_1,dst_content_0,att_dst_edge_0,dst_edge_0,full_dst_edge_0,att_edge_0,edge_0,full_edge_0,bias_0
0,-0.33029577136039734,1.4067461490631104,1.0,-0.5234879851341248,-1.0794097185134888,-0.5234879851341248,-1.0794097185134888,,1.0,,,1.0,-0.05745634809136391,-0.05745634809136391,
