,src_content_0,att_src_edge_0,src_edge_0,full_src_edge_0,dst_content_0,att_dst_edge_0,dst_edge_0,full_dst_edge_0,att_edge_0,edge_0,full_edge_0,bias_0
0,-1.2827990055084229,1.0,0.027980072423815727,0.027980072423815727,,1.0,,,1.0,-0.04233326390385628,-0.04233326390385628,
