,src_content_0,src_content_1,att_src_edge_0,src_edge_0,src_edge_1,full_src_edge_0,full_src_edge_1,dst_content_0,att_dst_edge_0,dst_edge_0,full_dst_edge_0,att_edge_0,edge_0,full_edge_0,bias_0
0,-0.6610099077224731,-0.5095729231834412,1.0,0.15145522356033325,-0.18061000108718872,0.15145522356033325,-0.18061000108718872,,1.0,,,1.0,0.04670802131295204,0.04670802131295204,-0.7674793601036072
