,src_content_0,att_src_edge_0,src_edge_0,full_src_edge_0,dst_content_0,att_dst_edge_0,dst_edge_0,full_dst_edge_0,att_edge_0,edge_0,full_edge_0,bias_0
0,1.0964077711105347,1.0,1.2867562770843506,1.2867562770843506,,1.0,,,1.0,1.2735766172409058,1.2735766172409058,0.0
