,src_content_0,att_src_edge_0,src_edge_0,full_src_edge_0,dst_content_0,att_dst_edge_0,dst_edge_0,full_dst_edge_0,att_edge_0,edge_0,full_edge_0,bias_0
0,-0.3393416106700897,1.0,1.3507838249206543,1.3507838249206543,,1.0,,,1.0,0.6676583886146545,0.6676583886146545,-0.005731185432523489
