,train_avg_pred-true,train_avg_MAE,val_avg_pred-true,val_avg_MAE
0,-0.2541045699999999,1.2947232740000003,0.862140495,1.588153555
