,train_avg_pred-true,train_avg_MAE,val_avg_pred-true,val_avg_MAE
0,1.367502596666667,1.4444140866666668,0.9288696833333333,1.4658662633333333
