,src_content_0,src_content_1,att_src_edge_0,src_edge_0,src_edge_1,full_src_edge_0,full_src_edge_1,dst_content_0,att_dst_edge_0,dst_edge_0,full_dst_edge_0,att_edge_0,edge_0,full_edge_0,bias_0
0,-0.4556901752948761,0.04446542635560036,1.0,0.07405159622430801,0.02215312421321869,0.07405159622430801,0.02215312421321869,,1.0,,,1.0,-0.1951238065958023,-0.1951238065958023,
