,src_content_0,src_content_1,att_src_edge_0,src_edge_0,src_edge_1,full_src_edge_0,full_src_edge_1,dst_content_0,att_dst_edge_0,dst_edge_0,full_dst_edge_0,att_edge_0,edge_0,full_edge_0,bias_0
0,-0.5842599272727966,0.13359713554382324,1.0,-0.234516441822052,-0.0024364711716771126,-0.234516441822052,-0.0024364711716771126,,1.0,,,1.0,0.04646094888448715,0.04646094888448715,
