,src_content_0,src_content_1,att_src_edge_0,src_edge_0,src_edge_1,full_src_edge_0,full_src_edge_1,dst_content_0,att_dst_edge_0,dst_edge_0,full_dst_edge_0,att_edge_0,edge_0,full_edge_0,bias_0
0,-0.4055629074573517,0.26299774646759033,1.0,-0.8918213844299316,0.6681568622589111,-0.8918213844299316,0.6681568622589111,,1.0,,,1.0,0.5657777190208435,0.5657777190208435,-0.0907367542386055
