,src_content_0,src_content_1,att_src_edge_0,src_edge_0,src_edge_1,full_src_edge_0,full_src_edge_1,dst_content_0,att_dst_edge_0,dst_edge_0,full_dst_edge_0,att_edge_0,edge_0,full_edge_0,bias_0
0,-0.7474886178970337,0.3269842267036438,1.0,0.23544830083847046,-0.06761668622493744,0.23544830083847046,-0.06761668622493744,,1.0,,,1.0,-0.26326000690460205,-0.26326000690460205,-0.6751191020011902
