,src_content_0,att_src_edge_0,src_edge_0,full_src_edge_0,dst_content_0,att_dst_edge_0,dst_edge_0,full_dst_edge_0,att_edge_0,edge_0,full_edge_0,bias_0
0,0.27906718850135803,1.0,-0.279906302690506,-0.279906302690506,,1.0,,,1.0,0.2319183200597763,0.2319183200597763,-1.371903419494629
