,train_avg_pred-true,train_avg_MAE,val_avg_pred-true,val_avg_MAE
0,0.5758407032857144,1.053367153857143,0.8016394128571429,1.0133932242857144
