,train_avg_pred-true,train_avg_MAE,val_avg_pred-true,val_avg_MAE,param_0,param_1,param_0,param_1,param_0_mean_trained,param_1_mean_trained,param_0_std_trained,param_1_std_trained
0,-0.4900627003845387,0.8570068246738373,0.09240235908401931,1.4683409208939737,0.6102544579156663,0.3957522386127506,0.9201245744634416,1.4523409899542659,-0.006803329706361249,1.0975991549997994,0.09056317327508061,0.1358582371275296
