,train_avg_pred-true,train_avg_MAE,val_avg_pred-true,val_avg_MAE
0,0.607027606,0.8449985340000001,0.36804829000000006,1.5175689399999999
