,train_avg_pred-true,train_avg_MAE,val_avg_pred-true,val_avg_MAE
0,0.16805854333333334,0.2487266766666667,0.8772657500000001,0.8772657500000001
