,src_content_0,att_src_edge_0,src_edge_0,full_src_edge_0,dst_content_0,att_dst_edge_0,dst_edge_0,full_dst_edge_0,att_edge_0,edge_0,full_edge_0,bias_0
0,1.0,1.0,0.17481929063796997,0.17481929063796997,,1.0,,,1.0,-0.05853964760899544,-0.05853964760899544,-0.8288074135780334
