,train_avg_pred-true,train_avg_MAE,val_avg_pred-true,val_avg_MAE
0,-0.344099878,0.8356712239999999,0.35292306,0.8772657133333334
