,src_content_0,att_src_edge_0,src_edge_0,full_src_edge_0,dst_content_0,att_dst_edge_0,dst_edge_0,full_dst_edge_0,att_edge_0,edge_0,full_edge_0,bias_0
0,0.027154969051480293,1.0,1.1039036512374878,1.1039036512374878,,1.0,,,1.0,-1.0922737121582031,-1.0922737121582031,
