,src_content_0,src_content_1,att_src_edge_0,src_edge_0,src_edge_1,full_src_edge_0,full_src_edge_1,dst_content_0,att_dst_edge_0,dst_edge_0,full_dst_edge_0,att_edge_0,edge_0,full_edge_0,bias_0
0,-0.7702890038490295,-0.5597935914993286,1.0,0.8758887052536011,-0.6333852410316467,0.8758887052536011,-0.6333852410316467,,1.0,,,1.0,-0.42756208777427673,-0.42756208777427673,-0.25758999586105347
