,train_avg_pred-true,train_avg_MAE,val_avg_pred-true,val_avg_MAE
0,1.194896486666667,1.194896486666667,0.476446072,0.476446072
