,src_content_0,att_src_edge_0,src_edge_0,full_src_edge_0,dst_content_0,att_dst_edge_0,dst_edge_0,full_dst_edge_0,att_edge_0,edge_0,full_edge_0,bias_0
0,0.6219272017478943,1.0,-0.28009653091430664,-0.28009653091430664,,1.0,,,1.0,0.3354048728942871,0.3354048728942871,-0.3854682743549347
