,src_content_0,att_src_edge_0,src_edge_0,full_src_edge_0,dst_content_0,att_dst_edge_0,dst_edge_0,full_dst_edge_0,att_edge_0,edge_0,full_edge_0,bias_0
0,0.42016616463661194,1.0,-0.9580886960029602,-0.9580886960029602,,1.0,,,1.0,0.3633314371109009,0.3633314371109009,-0.7025233507156372
