,src_content_0,att_src_edge_0,src_edge_0,full_src_edge_0,dst_content_0,att_dst_edge_0,dst_edge_0,full_dst_edge_0,att_edge_0,edge_0,full_edge_0,bias_0
0,0.8145528435707092,1.0,0.07872103899717331,0.07872103899717331,,1.0,,,1.0,1.6009780168533325,1.6009780168533325,0.0
