,src_content_0,src_content_1,att_src_edge_0,src_edge_0,src_edge_1,full_src_edge_0,full_src_edge_1,dst_content_0,att_dst_edge_0,dst_edge_0,full_dst_edge_0,att_edge_0,edge_0,full_edge_0,bias_0
0,-0.39730915427207947,-0.03501831740140915,1.0,1.0310193300247192,-0.16638240218162537,1.0310193300247192,-0.16638240218162537,,1.0,,,1.0,0.006022649817168713,0.006022649817168713,-0.9706270694732666
