,src_content_0,src_content_1,att_src_edge_0,src_edge_0,src_edge_1,full_src_edge_0,full_src_edge_1,dst_content_0,att_dst_edge_0,dst_edge_0,full_dst_edge_0,att_edge_0,edge_0,full_edge_0,bias_0
0,0.2099895477294922,1.527625322341919,1.0,-1.1581695079803467,-0.5938379168510437,-1.1581695079803467,-0.5938379168510437,,1.0,,,1.0,0.5949267148971558,0.5949267148971558,-0.35634270310401917
