,src_content_0,src_content_1,att_src_edge_0,src_edge_0,src_edge_1,full_src_edge_0,full_src_edge_1,dst_content_0,att_dst_edge_0,dst_edge_0,full_dst_edge_0,att_edge_0,edge_0,full_edge_0,bias_0
0,0.16343377530574799,0.09109770506620407,1.0,-0.1542729139328003,-0.013560894876718521,-0.1542729139328003,-0.013560894876718521,,1.0,,,1.0,0.04262317344546318,0.04262317344546318,-0.7506198883056641
