,src_content_0,att_src_edge_0,src_edge_0,full_src_edge_0,dst_content_0,att_dst_edge_0,dst_edge_0,full_dst_edge_0,att_edge_0,edge_0,full_edge_0,bias_0
0,1.2749230861663818,1.0,-1.2256211042404175,-1.2256211042404175,,1.0,,,1.0,-0.7587488293647766,-0.7587488293647766,0.14705383777618408
