,param_0,param_1
0,1.4491131364738303,1.3537563727721507
