,train_avg_pred-true,train_avg_MAE,val_avg_pred-true,val_avg_MAE
0,1.350470802,1.350470802,1.5672663746666666,1.5672663746666666
