,src_content_0,src_content_1,att_src_edge_0,src_edge_0,src_edge_1,full_src_edge_0,full_src_edge_1,dst_content_0,att_dst_edge_0,dst_edge_0,full_dst_edge_0,att_edge_0,edge_0,full_edge_0,bias_0
0,-0.3456538915634155,-0.34667539596557617,1.0,1.1241816282272339,0.09639856219291687,1.1241816282272339,0.09639856219291687,,1.0,,,1.0,0.15771998465061188,0.15771998465061188,-0.5266772508621216
