,src_content_0,src_content_1,att_src_edge_0,src_edge_0,src_edge_1,full_src_edge_0,full_src_edge_1,dst_content_0,att_dst_edge_0,dst_edge_0,full_dst_edge_0,att_edge_0,edge_0,full_edge_0,bias_0
0,0.5017672777175903,-0.18930524587631226,1.0,-0.10420773923397064,-0.0011364426463842392,-0.10420773923397064,-0.0011364426463842392,,1.0,,,1.0,-0.0027498372364789248,-0.0027498372364789248,-0.6441197991371155
