,src_content_0,src_content_1,att_src_edge_0,src_edge_0,src_edge_1,full_src_edge_0,full_src_edge_1,dst_content_0,att_dst_edge_0,dst_edge_0,full_dst_edge_0,att_edge_0,edge_0,full_edge_0,bias_0
0,-0.1236904114484787,1.6192190647125244,1.0,0.004202809184789658,-0.25619304180145264,0.004202809184789658,-0.25619304180145264,,1.0,,,1.0,-0.004305837210267782,-0.004305837210267782,-0.8918693661689758
