,param_0,param_1
0,-0.013512618268075703,0.4302842748802389
