,param_0,param_1
0,-0.5423244134443974,2.5815573150916986
