,src_content_0,src_content_1,att_src_edge_0,src_edge_0,src_edge_1,full_src_edge_0,full_src_edge_1,dst_content_0,att_dst_edge_0,dst_edge_0,full_dst_edge_0,att_edge_0,edge_0,full_edge_0,bias_0
0,-1.5307101011276245,-0.7479254603385925,1.0,0.9948067665100098,1.2169971466064453,0.9948067665100098,1.2169971466064453,,1.0,,,1.0,-0.09035815298557281,-0.09035815298557281,-0.48690852522850037
