,train_avg_pred-true,train_avg_MAE,val_avg_pred-true,val_avg_MAE
0,0.5577444300000001,1.298882735,1.561684365,1.561684365
