,src_content_0,att_src_edge_0,src_edge_0,full_src_edge_0,dst_content_0,att_dst_edge_0,dst_edge_0,full_dst_edge_0,att_edge_0,edge_0,full_edge_0,bias_0
0,-0.6740916967391968,1.0,-0.11620206385850906,-0.11620206385850906,,1.0,,,1.0,-0.6743072271347046,-0.6743072271347046,-1.0598620176315308
