,src_content_0,src_content_1,att_src_edge_0,src_edge_0,src_edge_1,full_src_edge_0,full_src_edge_1,dst_content_0,att_dst_edge_0,dst_edge_0,full_dst_edge_0,att_edge_0,edge_0,full_edge_0,bias_0
0,0.31303200125694275,1.649211049079895,1.0,-0.3916037380695343,-1.3328255414962769,-0.3916037380695343,-1.3328255414962769,,1.0,,,1.0,1.0918993949890137,1.0918993949890137,
