,src_content_0,src_content_1,att_src_edge_0,src_edge_0,src_edge_1,full_src_edge_0,full_src_edge_1,dst_content_0,att_dst_edge_0,dst_edge_0,full_dst_edge_0,att_edge_0,edge_0,full_edge_0,bias_0
0,0.056036725640296936,0.34130188822746277,1.0,0.11405178904533386,-0.10537710040807724,0.11405178904533386,-0.10537710040807724,,1.0,,,1.0,-0.050550516694784164,-0.050550516694784164,-1.2006372213363647
