,src_content_0,src_content_1,att_src_edge_0,src_edge_0,src_edge_1,full_src_edge_0,full_src_edge_1,dst_content_0,att_dst_edge_0,dst_edge_0,full_dst_edge_0,att_edge_0,edge_0,full_edge_0,bias_0
0,-0.9608166217803955,0.30877748131752014,1.0,0.3484480679035187,-0.30838271975517273,0.3484480679035187,-0.30838271975517273,,1.0,,,1.0,0.06708506494760513,0.06708506494760513,-0.22751428186893463
