,src_content_0,src_content_1,att_src_edge_0,src_edge_0,src_edge_1,full_src_edge_0,full_src_edge_1,dst_content_0,att_dst_edge_0,dst_edge_0,full_dst_edge_0,att_edge_0,edge_0,full_edge_0,bias_0
0,-1.0666775703430176,0.6645824909210205,1.0,-0.9570242762565613,-0.7623382806777954,-0.9570242762565613,-0.7623382806777954,,1.0,,,1.0,0.20302410423755646,0.20302410423755646,0.1561872512102127
