,train_avg_pred-true,train_avg_MAE,val_avg_pred-true,val_avg_MAE
0,1.2024591100000002,1.3133777766666668,1.1343953818333332,1.3158986338333334
