,train_avg_pred-true,train_avg_MAE,val_avg_pred-true,val_avg_MAE
0,0.9219694283,1.1923420183000002,1.6691578461999999,1.6691578461999999
