,src_content_0,src_content_1,att_src_edge_0,src_edge_0,src_edge_1,full_src_edge_0,full_src_edge_1,dst_content_0,att_dst_edge_0,dst_edge_0,full_dst_edge_0,att_edge_0,edge_0,full_edge_0,bias_0
0,0.7488728165626526,0.8296314477920532,1.0,-0.5585516691207886,-0.6763694882392883,-0.5585516691207886,-0.6763694882392883,,1.0,,,1.0,0.652480959892273,0.652480959892273,-0.4366374611854553
