,src_content_0,src_content_1,att_src_edge_0,src_edge_0,src_edge_1,full_src_edge_0,full_src_edge_1,dst_content_0,att_dst_edge_0,dst_edge_0,full_dst_edge_0,att_edge_0,edge_0,full_edge_0,bias_0
0,0.8309832215309143,-0.13433483242988586,1.0,0.18692846596240997,0.043788518756628036,0.18692846596240997,0.043788518756628036,,1.0,,,1.0,0.03659915179014206,0.03659915179014206,
