,src_content_0,att_src_edge_0,src_edge_0,full_src_edge_0,dst_content_0,att_dst_edge_0,dst_edge_0,full_dst_edge_0,att_edge_0,edge_0,full_edge_0,bias_0
0,0.24086293578147888,1.0,1.0690202713012695,1.0690202713012695,,1.0,,,1.0,0.3884114921092987,0.3884114921092987,
