,src_content_0,src_content_1,att_src_edge_0,src_edge_0,src_edge_1,full_src_edge_0,full_src_edge_1,dst_content_0,att_dst_edge_0,dst_edge_0,full_dst_edge_0,att_edge_0,edge_0,full_edge_0,bias_0
0,-1.1846214532852173,0.11144211888313293,1.0,0.7221816182136536,0.4156115651130676,0.7221816182136536,0.4156115651130676,,1.0,,,1.0,-0.1961512565612793,-0.1961512565612793,
