,src_content_0,att_src_edge_0,src_edge_0,full_src_edge_0,dst_content_0,att_dst_edge_0,dst_edge_0,full_dst_edge_0,att_edge_0,edge_0,full_edge_0,bias_0
0,-1.3873190879821777,1.0,-0.7066651582717896,-0.7066651582717896,,1.0,,,1.0,-2.6679375171661377,-2.6679375171661377,1.114894986152649
