,train_avg_pred-true,train_avg_MAE,val_avg_pred-true,val_avg_MAE
0,0.5293845166666666,0.8218064233333333,0.60501085,0.60501085
