,src_content_0,att_src_edge_0,src_edge_0,full_src_edge_0,dst_content_0,att_dst_edge_0,dst_edge_0,full_dst_edge_0,att_edge_0,edge_0,full_edge_0,bias_0
0,-0.5216149687767029,1.0,0.7110882997512817,0.7110882997512817,,1.0,,,1.0,0.48709654808044434,0.48709654808044434,
