,src_content_0,src_content_1,att_src_edge_0,src_edge_0,src_edge_1,full_src_edge_0,full_src_edge_1,dst_content_0,att_dst_edge_0,dst_edge_0,full_dst_edge_0,att_edge_0,edge_0,full_edge_0,bias_0
0,1.0,1.0,1.0,0.27128058671951294,-0.8498120903968811,0.27128058671951294,-0.8498120903968811,,1.0,,,1.0,1.8712223768234253,1.8712223768234253,-0.6678503751754761
