,src_content_0,src_content_1,att_src_edge_0,src_edge_0,src_edge_1,full_src_edge_0,full_src_edge_1,dst_content_0,att_dst_edge_0,dst_edge_0,full_dst_edge_0,att_edge_0,edge_0,full_edge_0,bias_0
0,0.2684473991394043,1.2967745065689087,1.0,0.1758883148431778,-1.3368934392929077,0.1758883148431778,-1.3368934392929077,,1.0,,,1.0,-0.23420582711696625,-0.23420582711696625,
