,src_content_0,src_content_1,att_src_edge_0,src_edge_0,src_edge_1,full_src_edge_0,full_src_edge_1,dst_content_0,att_dst_edge_0,dst_edge_0,full_dst_edge_0,att_edge_0,edge_0,full_edge_0,bias_0
0,1.0,1.0,1.0,-0.4032379388809204,-0.08665693551301956,-0.4032379388809204,-0.08665693551301956,,1.0,,,1.0,0.37143149971961975,0.37143149971961975,-1.0240015983581543
