,train_avg_pred-true,train_avg_MAE,val_avg_pred-true,val_avg_MAE
0,1.25651807175,1.25651807175,1.6951509800000002,1.6951509800000002
