,src_content_0,att_src_edge_0,src_edge_0,full_src_edge_0,dst_content_0,att_dst_edge_0,dst_edge_0,full_dst_edge_0,att_edge_0,edge_0,full_edge_0,bias_0
0,-0.5108979344367981,1.0,0.4593234658241272,0.4593234658241272,,1.0,,,1.0,0.17832615971565247,0.17832615971565247,
