,train_avg_pred-true,train_avg_MAE,val_avg_pred-true,val_avg_MAE
0,1.207500905,1.207500905,0.7562635799999999,0.7562635799999999
