,train_avg_pred-true,train_avg_MAE,val_avg_pred-true,val_avg_MAE
0,0.6768559150000001,1.0625503575000002,0.40838235500000003,0.40838235500000003
