,src_content_0,att_src_edge_0,src_edge_0,full_src_edge_0,dst_content_0,att_dst_edge_0,dst_edge_0,full_dst_edge_0,att_edge_0,edge_0,full_edge_0,bias_0
0,-0.025746041908860207,1.0,0.06759970635175705,0.06759970635175705,,1.0,,,1.0,0.015183614566922188,0.015183614566922188,-1.3741650581359863
