,src_content_0,src_content_1,att_src_edge_0,src_edge_0,src_edge_1,full_src_edge_0,full_src_edge_1,dst_content_0,att_dst_edge_0,dst_edge_0,full_dst_edge_0,att_edge_0,edge_0,full_edge_0,bias_0
0,0.11606799811124802,-0.029133904725313187,1.0,0.006646022666245699,0.001983203459531069,0.006646022666245699,0.001983203459531069,,1.0,,,1.0,-0.017133548855781555,-0.017133548855781555,
