,src_content_0,src_content_1,att_src_edge_0,src_edge_0,src_edge_1,full_src_edge_0,full_src_edge_1,dst_content_0,att_dst_edge_0,dst_edge_0,full_dst_edge_0,att_edge_0,edge_0,full_edge_0,bias_0
0,1.0,1.0,1.0,-0.15000280737876892,0.3875900208950043,-0.15000280737876892,0.3875900208950043,,1.0,,,1.0,0.627898633480072,0.627898633480072,-0.18232260644435883
