,src_content_0,att_src_edge_0,src_edge_0,full_src_edge_0,dst_content_0,att_dst_edge_0,dst_edge_0,full_dst_edge_0,att_edge_0,edge_0,full_edge_0,bias_0
0,-0.1903226673603058,1.0,0.010679966770112514,0.010679966770112514,,1.0,,,1.0,-0.014948650263249874,-0.014948650263249874,-0.8105657696723938
