,src_content_0,att_src_edge_0,src_edge_0,full_src_edge_0,dst_content_0,att_dst_edge_0,dst_edge_0,full_dst_edge_0,att_edge_0,edge_0,full_edge_0,bias_0
0,0.41061267256736755,1.0,-0.31005197763442993,-0.31005197763442993,,1.0,,,1.0,-0.03268028050661087,-0.03268028050661087,0.0
