,src_content_0,src_content_1,att_src_edge_0,src_edge_0,src_edge_1,full_src_edge_0,full_src_edge_1,dst_content_0,att_dst_edge_0,dst_edge_0,full_dst_edge_0,att_edge_0,edge_0,full_edge_0,bias_0
0,-0.8517486453056335,-0.29912644624710083,1.0,-0.11805906891822815,-0.1796957403421402,-0.11805906891822815,-0.1796957403421402,,1.0,,,1.0,0.5097643136978149,0.5097643136978149,0.4000840187072754
