,src_content_0,att_src_edge_0,src_edge_0,full_src_edge_0,dst_content_0,att_dst_edge_0,dst_edge_0,full_dst_edge_0,att_edge_0,edge_0,full_edge_0,bias_0
0,1.1345195770263672,1.0,0.3542535901069641,0.3542535901069641,,1.0,,,1.0,0.5014769434928894,0.5014769434928894,-1.0154565572738647
