,train_avg_pred-true,train_avg_MAE,val_avg_pred-true,val_avg_MAE
0,0.8724041866666669,0.9361463200000001,1.35641285,1.35641285
