,src_content_0,att_src_edge_0,src_edge_0,full_src_edge_0,dst_content_0,att_dst_edge_0,dst_edge_0,full_dst_edge_0,att_edge_0,edge_0,full_edge_0,bias_0
0,0.06821055710315704,1.0,1.3226999044418335,1.3226999044418335,,1.0,,,1.0,0.7125499248504639,0.7125499248504639,0.0
