,src_content_0,src_content_1,att_src_edge_0,src_edge_0,src_edge_1,full_src_edge_0,full_src_edge_1,dst_content_0,att_dst_edge_0,dst_edge_0,full_dst_edge_0,att_edge_0,edge_0,full_edge_0,bias_0
0,0.13799527287483215,0.40879353880882263,1.0,0.3022616505622864,-1.2318017482757568,0.3022616505622864,-1.2318017482757568,,1.0,,,1.0,0.3857213258743286,0.3857213258743286,-0.4454166889190674
