,src_content_0,att_src_edge_0,src_edge_0,full_src_edge_0,dst_content_0,att_dst_edge_0,dst_edge_0,full_dst_edge_0,att_edge_0,edge_0,full_edge_0,bias_0
0,0.8926277160644531,1.0,-0.32799604535102844,-0.32799604535102844,,1.0,,,1.0,0.3843054473400116,0.3843054473400116,-1.0261012315750122
