,src_content_0,src_content_1,att_src_edge_0,src_edge_0,src_edge_1,full_src_edge_0,full_src_edge_1,dst_content_0,att_dst_edge_0,dst_edge_0,full_dst_edge_0,att_edge_0,edge_0,full_edge_0,bias_0
0,1.234601616859436,-0.13178104162216187,1.0,0.3837229907512665,0.1639830321073532,0.3837229907512665,0.1639830321073532,,1.0,,,1.0,-0.0033396324142813683,-0.0033396324142813683,
