,src_content_0,src_content_1,att_src_edge_0,src_edge_0,src_edge_1,full_src_edge_0,full_src_edge_1,dst_content_0,att_dst_edge_0,dst_edge_0,full_dst_edge_0,att_edge_0,edge_0,full_edge_0,bias_0
0,-0.15571780502796173,-0.7831994295120239,1.0,0.9313501715660095,0.5075055956840515,0.9313501715660095,0.5075055956840515,,1.0,,,1.0,0.11280696839094162,0.11280696839094162,
