,src_content_0,src_content_1,att_src_edge_0,src_edge_0,src_edge_1,full_src_edge_0,full_src_edge_1,dst_content_0,att_dst_edge_0,dst_edge_0,full_dst_edge_0,att_edge_0,edge_0,full_edge_0,bias_0
0,-1.6791737079620361,-0.42188337445259094,1.0,-0.4773150682449341,-0.16188453137874603,-0.4773150682449341,-0.16188453137874603,,1.0,,,1.0,-1.8175545930862427,-1.8175545930862427,0.4469880163669586
