,src_content_0,att_src_edge_0,src_edge_0,full_src_edge_0,dst_content_0,att_dst_edge_0,dst_edge_0,full_dst_edge_0,att_edge_0,edge_0,full_edge_0,bias_0
0,0.21061886847019196,1.0,0.15022525191307068,0.15022525191307068,,1.0,,,1.0,-0.004117515403777361,-0.004117515403777361,-1.0956344604492188
