,src_content_0,att_src_edge_0,src_edge_0,full_src_edge_0,dst_content_0,att_dst_edge_0,dst_edge_0,full_dst_edge_0,att_edge_0,edge_0,full_edge_0,bias_0
0,1.0340274572372437,1.0,0.18367187678813934,0.18367187678813934,,1.0,,,1.0,0.46681711077690125,0.46681711077690125,-0.7655827403068542
