,src_content_0,src_content_1,att_src_edge_0,src_edge_0,src_edge_1,full_src_edge_0,full_src_edge_1,dst_content_0,att_dst_edge_0,dst_edge_0,full_dst_edge_0,att_edge_0,edge_0,full_edge_0,bias_0
0,-0.8129413723945618,-0.2326854169368744,1.0,-0.009595518931746483,0.3160763084888458,-0.009595518931746483,0.3160763084888458,,1.0,,,1.0,-0.18833895027637482,-0.18833895027637482,-0.29062917828559875
