,src_content_0,att_src_edge_0,src_edge_0,full_src_edge_0,dst_content_0,att_dst_edge_0,dst_edge_0,full_dst_edge_0,att_edge_0,edge_0,full_edge_0,bias_0
0,1.0,1.0,-0.3065289556980133,-0.3065289556980133,,1.0,,,1.0,0.30274489521980286,0.30274489521980286,-1.2144521474838257
