,src_content_0,src_content_1,att_src_edge_0,src_edge_0,src_edge_1,full_src_edge_0,full_src_edge_1,dst_content_0,att_dst_edge_0,dst_edge_0,full_dst_edge_0,att_edge_0,edge_0,full_edge_0,bias_0
0,0.47545936703681946,1.096627950668335,1.0,-1.5748803615570068,-1.263795256614685,-1.5748803615570068,-1.263795256614685,,1.0,,,1.0,0.18702088296413422,0.18702088296413422,
