,param_0,param_1
0,-0.03271470383660502,1.0873750814798793
