,src_content_0,src_content_1,att_src_edge_0,src_edge_0,src_edge_1,full_src_edge_0,full_src_edge_1,dst_content_0,att_dst_edge_0,dst_edge_0,full_dst_edge_0,att_edge_0,edge_0,full_edge_0,bias_0
0,-0.3788720965385437,1.1603174209594727,1.0,-0.2566112279891968,-0.6929818391799927,-0.2566112279891968,-0.6929818391799927,,1.0,,,1.0,0.07547558099031448,0.07547558099031448,
