,src_content_0,src_content_1,att_src_edge_0,src_edge_0,src_edge_1,full_src_edge_0,full_src_edge_1,dst_content_0,att_dst_edge_0,dst_edge_0,full_dst_edge_0,att_edge_0,edge_0,full_edge_0,bias_0
0,1.0,1.0,1.0,-0.31043878197669983,-0.7522793412208557,-0.31043878197669983,-0.7522793412208557,,1.0,,,1.0,1.0883827209472656,1.0883827209472656,-0.7170924544334412
