,train_avg_pred-true,train_avg_MAE,val_avg_pred-true,val_avg_MAE
0,0.8758190280000001,1.2835437320000005,1.9255129000000002,1.9255129000000002
