,src_content_0,src_content_1,att_src_edge_0,src_edge_0,src_edge_1,full_src_edge_0,full_src_edge_1,dst_content_0,att_dst_edge_0,dst_edge_0,full_dst_edge_0,att_edge_0,edge_0,full_edge_0,bias_0
0,1.2672874927520752,1.1442883014678955,1.0,-1.0416908264160156,-0.8683726787567139,-1.0416908264160156,-0.8683726787567139,,1.0,,,1.0,1.5750519037246704,1.5750519037246704,
