,src_content_0,src_content_1,att_src_edge_0,src_edge_0,src_edge_1,full_src_edge_0,full_src_edge_1,dst_content_0,att_dst_edge_0,dst_edge_0,full_dst_edge_0,att_edge_0,edge_0,full_edge_0,bias_0
0,-1.173201560974121,0.49119463562965393,1.0,0.7160865664482117,0.3164754807949066,0.7160865664482117,0.3164754807949066,,1.0,,,1.0,0.41125261783599854,0.41125261783599854,-0.20779186487197876
