,train_avg_pred-true,train_avg_MAE,val_avg_pred-true,val_avg_MAE
0,0.7044055130714284,1.0436437550714286,1.6852073658333335,1.8188139325000001
