,src_content_0,src_content_1,att_src_edge_0,src_edge_0,src_edge_1,full_src_edge_0,full_src_edge_1,dst_content_0,att_dst_edge_0,dst_edge_0,full_dst_edge_0,att_edge_0,edge_0,full_edge_0,bias_0
0,-0.7360222935676575,0.27988365292549133,1.0,0.16182878613471985,0.64934903383255,0.16182878613471985,0.64934903383255,,1.0,,,1.0,0.5537140369415283,0.5537140369415283,
