,train_avg_pred-true,train_avg_MAE,val_avg_pred-true,val_avg_MAE
0,0.874744905,0.9083566216666666,0.19662860499999993,0.42350769499999996
