,src_content_0,att_src_edge_0,src_edge_0,full_src_edge_0,dst_content_0,att_dst_edge_0,dst_edge_0,full_dst_edge_0,att_edge_0,edge_0,full_edge_0,bias_0
0,-0.3177974224090576,1.0,0.14637082815170288,0.14637082815170288,,1.0,,,1.0,-0.012538560666143894,-0.012538560666143894,-0.8157802224159241
