,src_content_0,att_src_edge_0,src_edge_0,full_src_edge_0,dst_content_0,att_dst_edge_0,dst_edge_0,full_dst_edge_0,att_edge_0,edge_0,full_edge_0,bias_0
0,1.1510875225067139,1.0,0.3785730302333832,0.3785730302333832,,1.0,,,1.0,-0.030761217698454857,-0.030761217698454857,
