,src_content_0,src_content_1,att_src_edge_0,src_edge_0,src_edge_1,full_src_edge_0,full_src_edge_1,dst_content_0,att_dst_edge_0,dst_edge_0,full_dst_edge_0,att_edge_0,edge_0,full_edge_0,bias_0
0,-0.3238541781902313,0.01224436890333891,1.0,0.031859539449214935,0.010362382046878338,0.031859539449214935,0.010362382046878338,,1.0,,,1.0,-0.19039052724838257,-0.19039052724838257,-0.26436880230903625
