,src_content_0,att_src_edge_0,src_edge_0,full_src_edge_0,dst_content_0,att_dst_edge_0,dst_edge_0,full_dst_edge_0,att_edge_0,edge_0,full_edge_0,bias_0
0,-0.21279650926589966,1.0,-0.36887383460998535,-0.36887383460998535,,1.0,,,1.0,-0.07992874085903168,-0.07992874085903168,0.17765869200229645
