,src_content_0,att_src_edge_0,src_edge_0,full_src_edge_0,dst_content_0,att_dst_edge_0,dst_edge_0,full_dst_edge_0,att_edge_0,edge_0,full_edge_0,bias_0
0,1.4926083087921143,1.0,-0.9776782393455505,-0.9776782393455505,,1.0,,,1.0,1.6763358116149902,1.6763358116149902,-0.6289162039756775
