,src_content_0,src_content_1,att_src_edge_0,src_edge_0,src_edge_1,full_src_edge_0,full_src_edge_1,dst_content_0,att_dst_edge_0,dst_edge_0,full_dst_edge_0,att_edge_0,edge_0,full_edge_0,bias_0
0,-0.8738211989402771,-1.242193579673767,1.0,0.5995906591415405,-0.564874529838562,0.5995906591415405,-0.564874529838562,,1.0,,,1.0,0.33513349294662476,0.33513349294662476,0.26204603910446167
