,train_avg_pred-true,train_avg_MAE,val_avg_pred-true,val_avg_MAE
0,1.6002537700000001,1.6002537700000001,1.9783855700000001,1.9783855700000001
