,src_content_0,att_src_edge_0,src_edge_0,full_src_edge_0,dst_content_0,att_dst_edge_0,dst_edge_0,full_dst_edge_0,att_edge_0,edge_0,full_edge_0,bias_0
0,-0.8897647857666016,1.0,-1.1241722106933594,-1.1241722106933594,,1.0,,,1.0,0.8034985065460205,0.8034985065460205,-0.21625027060508728
