,src_content_0,att_src_edge_0,src_edge_0,full_src_edge_0,dst_content_0,att_dst_edge_0,dst_edge_0,full_dst_edge_0,att_edge_0,edge_0,full_edge_0,bias_0
0,1.0,1.0,0.22374582290649414,0.22374582290649414,,1.0,,,1.0,0.5414797067642212,0.5414797067642212,-0.6327247619628906
