,src_content_0,src_content_1,att_src_edge_0,src_edge_0,src_edge_1,full_src_edge_0,full_src_edge_1,dst_content_0,att_dst_edge_0,dst_edge_0,full_dst_edge_0,att_edge_0,edge_0,full_edge_0,bias_0
0,-0.19963867962360382,0.0074539994820952415,1.0,-0.012588893994688988,0.001481887185946107,-0.012588893994688988,0.001481887185946107,,1.0,,,1.0,-0.03564020246267319,-0.03564020246267319,
