,train_avg_pred-true,train_avg_MAE,val_avg_pred-true,val_avg_MAE
0,0.3552563375,1.3282908125,0.7723963899999999,0.97118159
