,src_content_0,src_content_1,att_src_edge_0,src_edge_0,src_edge_1,full_src_edge_0,full_src_edge_1,dst_content_0,att_dst_edge_0,dst_edge_0,full_dst_edge_0,att_edge_0,edge_0,full_edge_0,bias_0
0,1.0,1.0,1.0,-2.1255502700805664,0.47909027338027954,-2.1255502700805664,0.47909027338027954,,1.0,,,1.0,1.7528895139694214,1.7528895139694214,-0.8215997219085693
