,src_content_0,att_src_edge_0,src_edge_0,full_src_edge_0,dst_content_0,att_dst_edge_0,dst_edge_0,full_dst_edge_0,att_edge_0,edge_0,full_edge_0,bias_0
0,-0.27900430560112,1.0,0.011749960482120514,0.011749960482120514,,1.0,,,1.0,1.3192921876907349,1.3192921876907349,0.0
