,param_0,param_1
0,-0.5984852387321093,1.2055309066070237
