,train_avg_pred-true,train_avg_MAE,val_avg_pred-true,val_avg_MAE
0,1.5175689743333332,1.5175689743333332,-0.060501079999999985,0.63526142
