,train_avg_pred-true,train_avg_MAE,val_avg_pred-true,val_avg_MAE
0,0.14621097666666671,0.14621097666666671,0.8621405500000001,0.8621405500000001
