,src_content_0,att_src_edge_0,src_edge_0,full_src_edge_0,dst_content_0,att_dst_edge_0,dst_edge_0,full_dst_edge_0,att_edge_0,edge_0,full_edge_0,bias_0
0,1.0,1.0,-0.607844352722168,-0.607844352722168,,1.0,,,1.0,0.013829464092850685,0.013829464092850685,-1.2020108699798584
