,src_content_0,att_src_edge_0,src_edge_0,full_src_edge_0,dst_content_0,att_dst_edge_0,dst_edge_0,full_dst_edge_0,att_edge_0,edge_0,full_edge_0,bias_0
0,0.8357102274894714,1.0,-0.4476987421512604,-0.4476987421512604,,1.0,,,1.0,-0.04705873504281044,-0.04705873504281044,-0.6596533060073853
