,src_content_0,att_src_edge_0,src_edge_0,full_src_edge_0,dst_content_0,att_dst_edge_0,dst_edge_0,full_dst_edge_0,att_edge_0,edge_0,full_edge_0,bias_0
0,-0.26847076416015625,1.0,-0.16693845391273499,-0.16693845391273499,,1.0,,,1.0,0.28267228603363037,0.28267228603363037,-0.2017204612493515
