,src_content_0,src_content_1,att_src_edge_0,src_edge_0,src_edge_1,full_src_edge_0,full_src_edge_1,dst_content_0,att_dst_edge_0,dst_edge_0,full_dst_edge_0,att_edge_0,edge_0,full_edge_0,bias_0
0,1.0382764339447021,0.8906196355819702,1.0,-0.49614542722702026,-0.4881393313407898,-0.49614542722702026,-0.4881393313407898,,1.0,,,1.0,1.2492743730545044,1.2492743730545044,-0.27555564045906067
