,src_content_0,src_content_1,att_src_edge_0,src_edge_0,src_edge_1,full_src_edge_0,full_src_edge_1,dst_content_0,att_dst_edge_0,dst_edge_0,full_dst_edge_0,att_edge_0,edge_0,full_edge_0,bias_0
0,-0.3002713918685913,0.10272722691297531,1.0,0.5490508675575256,0.08375827968120575,0.5490508675575256,0.08375827968120575,,1.0,,,1.0,0.10154522955417633,0.10154522955417633,0.26220765709877014
