,src_content_0,att_src_edge_0,src_edge_0,full_src_edge_0,dst_content_0,att_dst_edge_0,dst_edge_0,full_dst_edge_0,att_edge_0,edge_0,full_edge_0,bias_0
0,-1.0165916681289673,1.0,0.8929714560508728,0.8929714560508728,,1.0,,,1.0,0.19187751412391663,0.19187751412391663,-0.4222065210342407
