,src_content_0,att_src_edge_0,src_edge_0,full_src_edge_0,dst_content_0,att_dst_edge_0,dst_edge_0,full_dst_edge_0,att_edge_0,edge_0,full_edge_0,bias_0
0,-0.4310978353023529,1.0,0.37276366353034973,0.37276366353034973,,1.0,,,1.0,0.746014416217804,0.746014416217804,0.0
