,src_content_0,att_src_edge_0,src_edge_0,full_src_edge_0,dst_content_0,att_dst_edge_0,dst_edge_0,full_dst_edge_0,att_edge_0,edge_0,full_edge_0,bias_0
0,1.0,1.0,0.39794600009918213,0.39794600009918213,,1.0,,,1.0,0.5787408947944641,0.5787408947944641,-1.008704662322998
