,param_0,param_1
0,0.015133123385887529,0.9721043837940206
