,src_content_0,att_src_edge_0,src_edge_0,full_src_edge_0,dst_content_0,att_dst_edge_0,dst_edge_0,full_dst_edge_0,att_edge_0,edge_0,full_edge_0,bias_0
0,0.5142998695373535,1.0,-1.350901484489441,-1.350901484489441,,1.0,,,1.0,0.01492079347372055,0.01492079347372055,-0.8409736156463623
