,src_content_0,src_content_1,att_src_edge_0,src_edge_0,src_edge_1,full_src_edge_0,full_src_edge_1,dst_content_0,att_dst_edge_0,dst_edge_0,full_dst_edge_0,att_edge_0,edge_0,full_edge_0,bias_0
0,0.7427778840065002,1.3313268423080444,1.0,-0.6683351993560791,-1.2894803285598755,-0.6683351993560791,-1.2894803285598755,,1.0,,,1.0,0.37502703070640564,0.37502703070640564,-0.2638959288597107
