,src_content_0,att_src_edge_0,src_edge_0,full_src_edge_0,dst_content_0,att_dst_edge_0,dst_edge_0,full_dst_edge_0,att_edge_0,edge_0,full_edge_0,bias_0
0,1.0,1.0,-0.32839536666870117,-0.32839536666870117,,1.0,,,1.0,0.3314248323440552,0.3314248323440552,-1.1892914772033691
