,src_content_0,att_src_edge_0,src_edge_0,full_src_edge_0,dst_content_0,att_dst_edge_0,dst_edge_0,full_dst_edge_0,att_edge_0,edge_0,full_edge_0,bias_0
0,-1.1179234981536865,1.0,0.7500409483909607,0.7500409483909607,,1.0,,,1.0,0.12049808353185654,0.12049808353185654,
