,src_content_0,att_src_edge_0,src_edge_0,full_src_edge_0,dst_content_0,att_dst_edge_0,dst_edge_0,full_dst_edge_0,att_edge_0,edge_0,full_edge_0,bias_0
0,1.0,1.0,-0.008259184658527374,-0.008259184658527374,,1.0,,,1.0,-0.002962417434900999,-0.002962417434900999,-1.0738846063613892
