,src_content_0,src_content_1,att_src_edge_0,src_edge_0,src_edge_1,full_src_edge_0,full_src_edge_1,dst_content_0,att_dst_edge_0,dst_edge_0,full_dst_edge_0,att_edge_0,edge_0,full_edge_0,bias_0
0,-0.9024888873100281,-0.09245647490024567,1.0,0.9012274146080017,0.3161044120788574,0.9012274146080017,0.3161044120788574,,1.0,,,1.0,0.025524204596877098,0.025524204596877098,
