,src_content_0,att_src_edge_0,src_edge_0,full_src_edge_0,dst_content_0,att_dst_edge_0,dst_edge_0,full_dst_edge_0,att_edge_0,edge_0,full_edge_0,bias_0
0,-1.286380410194397,1.0,0.4194849729537964,0.4194849729537964,,1.0,,,1.0,0.19752413034439087,0.19752413034439087,0.0
