,src_content_0,src_content_1,att_src_edge_0,src_edge_0,src_edge_1,full_src_edge_0,full_src_edge_1,dst_content_0,att_dst_edge_0,dst_edge_0,full_dst_edge_0,att_edge_0,edge_0,full_edge_0,bias_0
0,1.0,1.0,1.0,-0.11071725934743881,-0.010268636979162693,-0.11071725934743881,-0.010268636979162693,,1.0,,,1.0,0.22458291053771973,0.22458291053771973,-0.45522719621658325
