,train_avg_pred-true,train_avg_MAE,val_avg_pred-true,val_avg_MAE
0,0.06957624550000001,1.4550511583000003,-0.09680173000000006,1.0285184700000003
