,src_content_0,src_content_1,att_src_edge_0,src_edge_0,src_edge_1,full_src_edge_0,full_src_edge_1,dst_content_0,att_dst_edge_0,dst_edge_0,full_dst_edge_0,att_edge_0,edge_0,full_edge_0,bias_0
0,1.0,1.0,1.0,0.3519974648952484,0.43284842371940613,0.3519974648952484,0.43284842371940613,,1.0,,,1.0,0.7568255662918091,0.7568255662918091,-0.852409303188324
