,param_0,param_1
0,0.5825362862925895,1.7883929868609214
