,param_0,param_1
0,0.21541795945668032,-2.5517224232634885
