,param_0,param_1
0,-0.05665909235280157,0.906417564906015
