,train_avg_pred-true,train_avg_MAE,val_avg_pred-true,val_avg_MAE
0,1.5226107075,1.6839469075,-0.07058461000000005,0.68567904
