,train_avg_pred-true,train_avg_MAE,val_avg_pred-true,val_avg_MAE
0,1.3166549260000002,1.3741309540000002,0.757776132,0.800126892
