,src_content_0,att_src_edge_0,src_edge_0,full_src_edge_0,dst_content_0,att_dst_edge_0,dst_edge_0,full_dst_edge_0,att_edge_0,edge_0,full_edge_0,bias_0
0,-0.8380603790283203,1.0,1.027522087097168,1.027522087097168,,1.0,,,1.0,-0.7697001099586487,-0.7697001099586487,-0.6827329397201538
