,src_content_0,att_src_edge_0,src_edge_0,full_src_edge_0,dst_content_0,att_dst_edge_0,dst_edge_0,full_dst_edge_0,att_edge_0,edge_0,full_edge_0,bias_0
0,0.6171900033950806,1.0,0.14195682108402252,0.14195682108402252,,1.0,,,1.0,0.6594122052192688,0.6594122052192688,-0.6054688692092896
