,src_content_0,src_content_1,att_src_edge_0,src_edge_0,src_edge_1,full_src_edge_0,full_src_edge_1,dst_content_0,att_dst_edge_0,dst_edge_0,full_dst_edge_0,att_edge_0,edge_0,full_edge_0,bias_0
0,-0.27745896577835083,0.20535483956336975,1.0,0.03769638389348984,-0.0003115132567472756,0.03769638389348984,-0.0003115132567472756,,1.0,,,1.0,0.00020025788398925215,0.00020025788398925215,-0.5958767533302307
