,param_0,param_1
0,0.06513002764667691,0.8475492288253097
