,src_content_0,att_src_edge_0,src_edge_0,full_src_edge_0,dst_content_0,att_dst_edge_0,dst_edge_0,full_dst_edge_0,att_edge_0,edge_0,full_edge_0,bias_0
0,-0.23312807083129883,1.0,-0.07291548699140549,-0.07291548699140549,,1.0,,,1.0,0.027392374351620674,0.027392374351620674,-0.7510896921157837
