,src_content_0,src_content_1,att_src_edge_0,src_edge_0,src_edge_1,full_src_edge_0,full_src_edge_1,dst_content_0,att_dst_edge_0,dst_edge_0,full_dst_edge_0,att_edge_0,edge_0,full_edge_0,bias_0
0,1.0,1.0,1.0,-0.9660301208496094,-1.1103215217590332,-0.9660301208496094,-1.1103215217590332,,1.0,,,1.0,1.679653286933899,1.679653286933899,0.2243426889181137
