,src_content_0,src_content_1,att_src_edge_0,src_edge_0,src_edge_1,full_src_edge_0,full_src_edge_1,dst_content_0,att_dst_edge_0,dst_edge_0,full_dst_edge_0,att_edge_0,edge_0,full_edge_0,bias_0
0,-2.0111565589904785,0.39608392119407654,1.0,1.6706020832061768,0.43901526927948,1.6706020832061768,0.43901526927948,,1.0,,,1.0,-0.009030605666339397,-0.009030605666339397,
