,param_0,param_1
0,-0.20853902106274666,0.9378288615719499
