,param_0,param_1
0,0.07348741157935477,1.097139499740575
