,param_0,param_1
0,0.2586986100797392,0.8594254735545455
