,param_0,param_1
0,-0.135127837013299,0.6268863107625181
