,param_0,param_1
0,0.048442175853649676,0.9599265040529267
