,train_avg_pred-true,train_avg_MAE,val_avg_pred-true,val_avg_MAE
0,1.88687768,1.93981613125,1.7948655833333333,1.7948655833333333
