,train_avg_pred-true,train_avg_MAE,val_avg_pred-true,val_avg_MAE
0,2.16165344125,2.16165344125,1.2160718409999998,1.9723354389999996
