,src_content_0,src_content_1,att_src_edge_0,src_edge_0,src_edge_1,full_src_edge_0,full_src_edge_1,dst_content_0,att_dst_edge_0,dst_edge_0,full_dst_edge_0,att_edge_0,edge_0,full_edge_0,bias_0
0,1.0,1.0,1.0,-0.46303826570510864,-0.6278750896453857,-0.46303826570510864,-0.6278750896453857,,1.0,,,1.0,0.1975690722465515,0.1975690722465515,-0.9048036336898804
