,param_0,param_1
0,0.016210151388735074,1.0297230997568705
