,param_0,param_1
0,-0.6229407482074464,0.7998073356441826
