,param_0,param_1
0,0.9294161004999142,-0.5997538547225687
