,param_0,param_1
0,-0.03434250999559982,0.8132323680299588
