,src_content_0,att_src_edge_0,src_edge_0,full_src_edge_0,dst_content_0,att_dst_edge_0,dst_edge_0,full_dst_edge_0,att_edge_0,edge_0,full_edge_0,bias_0
0,-1.7827661037445068,1.0,0.22692574560642242,0.22692574560642242,,1.0,,,1.0,0.007909226231276989,0.007909226231276989,
