,src_content_0,src_content_1,att_src_edge_0,src_edge_0,src_edge_1,full_src_edge_0,full_src_edge_1,dst_content_0,att_dst_edge_0,dst_edge_0,full_dst_edge_0,att_edge_0,edge_0,full_edge_0,bias_0
0,1.0,1.0,1.0,-0.8885339498519897,-0.8768429160118103,-0.8885339498519897,-0.8768429160118103,,1.0,,,1.0,0.7947070598602295,0.7947070598602295,-1.1130328178405762
