,src_content_0,att_src_edge_0,src_edge_0,full_src_edge_0,dst_content_0,att_dst_edge_0,dst_edge_0,full_dst_edge_0,att_edge_0,edge_0,full_edge_0,bias_0
0,-0.32861804962158203,1.0,-0.7718989253044128,-0.7718989253044128,,1.0,,,1.0,-0.07355881482362747,-0.07355881482362747,0.0
