,train_avg_pred-true,train_avg_MAE,val_avg_pred-true,val_avg_MAE
0,0.71592954,0.71592954,1.1192701200000001,1.1192701200000001
