,src_content_0,att_src_edge_0,src_edge_0,full_src_edge_0,dst_content_0,att_dst_edge_0,dst_edge_0,full_dst_edge_0,att_edge_0,edge_0,full_edge_0,bias_0
0,-1.1645787954330444,1.0,1.1338083744049072,1.1338083744049072,,1.0,,,1.0,0.8455073833465576,0.8455073833465576,0.0
