,src_content_0,att_src_edge_0,src_edge_0,full_src_edge_0,dst_content_0,att_dst_edge_0,dst_edge_0,full_dst_edge_0,att_edge_0,edge_0,full_edge_0,bias_0
0,-0.84852135181427,1.0,0.5948073863983154,0.5948073863983154,,1.0,,,1.0,1.2264738082885742,1.2264738082885742,0.24248884618282318
