,src_content_0,src_content_1,att_src_edge_0,src_edge_0,src_edge_1,full_src_edge_0,full_src_edge_1,dst_content_0,att_dst_edge_0,dst_edge_0,full_dst_edge_0,att_edge_0,edge_0,full_edge_0,bias_0
0,-0.3127283453941345,0.1267210841178894,1.0,0.07242461293935776,0.007701276335865259,0.07242461293935776,0.007701276335865259,,1.0,,,1.0,-0.001709961099550128,-0.001709961099550128,-0.4632636606693268
