,src_content_0,att_src_edge_0,src_edge_0,full_src_edge_0,dst_content_0,att_dst_edge_0,dst_edge_0,full_dst_edge_0,att_edge_0,edge_0,full_edge_0,bias_0
0,-0.2906492352485657,1.0,-1.503265142440796,-1.503265142440796,,1.0,,,1.0,0.41438359022140503,0.41438359022140503,-0.445529967546463
