,src_content_0,src_content_1,att_src_edge_0,src_edge_0,src_edge_1,full_src_edge_0,full_src_edge_1,dst_content_0,att_dst_edge_0,dst_edge_0,full_dst_edge_0,att_edge_0,edge_0,full_edge_0,bias_0
0,-0.9411634802818298,-0.045030299574136734,1.0,0.5930768847465515,-0.11811575293540955,0.5930768847465515,-0.11811575293540955,,1.0,,,1.0,0.18843023478984833,0.18843023478984833,
