,src_content_0,att_src_edge_0,src_edge_0,full_src_edge_0,dst_content_0,att_dst_edge_0,dst_edge_0,full_dst_edge_0,att_edge_0,edge_0,full_edge_0,bias_0
0,-1.720058798789978,1.0,0.20057854056358337,0.20057854056358337,,1.0,,,1.0,1.2682439088821411,1.2682439088821411,0.0
