,src_content_0,att_src_edge_0,src_edge_0,full_src_edge_0,dst_content_0,att_dst_edge_0,dst_edge_0,full_dst_edge_0,att_edge_0,edge_0,full_edge_0,bias_0
0,1.0,1.0,-0.09498665481805801,-0.09498665481805801,,1.0,,,1.0,-0.30059924721717834,-0.30059924721717834,-0.9502403140068054
