,src_content_0,att_src_edge_0,src_edge_0,full_src_edge_0,dst_content_0,att_dst_edge_0,dst_edge_0,full_dst_edge_0,att_edge_0,edge_0,full_edge_0,bias_0
0,1.0,1.0,0.4298500120639801,0.4298500120639801,,1.0,,,1.0,-0.07979601621627808,-0.07979601621627808,-1.0959850549697876
