,src_content_0,src_content_1,att_src_edge_0,src_edge_0,src_edge_1,full_src_edge_0,full_src_edge_1,dst_content_0,att_dst_edge_0,dst_edge_0,full_dst_edge_0,att_edge_0,edge_0,full_edge_0,bias_0
0,1.0,1.0,1.0,0.47773537039756775,-1.6585087776184082,0.47773537039756775,-1.6585087776184082,,1.0,,,1.0,0.7819508910179138,0.7819508910179138,-0.5108506083488464
