,src_content_0,src_content_1,att_src_edge_0,src_edge_0,src_edge_1,full_src_edge_0,full_src_edge_1,dst_content_0,att_dst_edge_0,dst_edge_0,full_dst_edge_0,att_edge_0,edge_0,full_edge_0,bias_0
0,-1.0396244525909424,0.17175091803073883,1.0,0.08366268873214722,0.09044384956359863,0.08366268873214722,0.09044384956359863,,1.0,,,1.0,0.04361707344651222,0.04361707344651222,-0.28345078229904175
