,src_content_0,att_src_edge_0,src_edge_0,full_src_edge_0,dst_content_0,att_dst_edge_0,dst_edge_0,full_dst_edge_0,att_edge_0,edge_0,full_edge_0,bias_0
0,-0.2862222492694855,1.0,-0.5407060980796814,-0.5407060980796814,,1.0,,,1.0,0.01725703477859497,0.01725703477859497,-0.35566872358322144
