,src_content_0,att_src_edge_0,src_edge_0,full_src_edge_0,dst_content_0,att_dst_edge_0,dst_edge_0,full_dst_edge_0,att_edge_0,edge_0,full_edge_0,bias_0
0,0.9592375159263611,1.0,-0.5901919007301331,-0.5901919007301331,,1.0,,,1.0,-0.19505222141742706,-0.19505222141742706,-0.23398901522159576
