,src_content_0,att_src_edge_0,src_edge_0,full_src_edge_0,dst_content_0,att_dst_edge_0,dst_edge_0,full_dst_edge_0,att_edge_0,edge_0,full_edge_0,bias_0
0,-0.6041014194488525,1.0,-1.5072364807128906,-1.5072364807128906,,1.0,,,1.0,1.0147809982299805,1.0147809982299805,-0.0770706757903099
