,src_content_0,att_src_edge_0,src_edge_0,full_src_edge_0,dst_content_0,att_dst_edge_0,dst_edge_0,full_dst_edge_0,att_edge_0,edge_0,full_edge_0,bias_0
0,-0.45320025086402893,1.0,0.8484764695167542,0.8484764695167542,,1.0,,,1.0,-0.22029073536396027,-0.22029073536396027,-1.3132624626159668
