,src_content_0,src_content_1,att_src_edge_0,src_edge_0,src_edge_1,full_src_edge_0,full_src_edge_1,dst_content_0,att_dst_edge_0,dst_edge_0,full_dst_edge_0,att_edge_0,edge_0,full_edge_0,bias_0
0,1.0,1.0,1.0,-0.466635137796402,-0.6420302391052246,-0.466635137796402,-0.6420302391052246,,1.0,,,1.0,0.04961774870753288,0.04961774870753288,-1.0907914638519287
