,src_content_0,src_content_1,att_src_edge_0,src_edge_0,src_edge_1,full_src_edge_0,full_src_edge_1,dst_content_0,att_dst_edge_0,dst_edge_0,full_dst_edge_0,att_edge_0,edge_0,full_edge_0,bias_0
0,-1.1301017999649048,-0.587049126625061,1.0,1.1029481887817383,-0.1790294051170349,1.1029481887817383,-0.1790294051170349,,1.0,,,1.0,0.021294232457876205,0.021294232457876205,
