,src_content_0,att_src_edge_0,src_edge_0,full_src_edge_0,dst_content_0,att_dst_edge_0,dst_edge_0,full_dst_edge_0,att_edge_0,edge_0,full_edge_0,bias_0
0,1.0,1.0,-0.19128692150115967,-0.19128692150115967,,1.0,,,1.0,0.4496530294418335,0.4496530294418335,-1.3154915571212769
