,src_content_0,src_content_1,att_src_edge_0,src_edge_0,src_edge_1,full_src_edge_0,full_src_edge_1,dst_content_0,att_dst_edge_0,dst_edge_0,full_dst_edge_0,att_edge_0,edge_0,full_edge_0,bias_0
0,-1.6126617193222046,-0.8880598545074463,1.0,-0.5007026195526123,1.6873743534088135,-0.5007026195526123,1.6873743534088135,,1.0,,,1.0,0.7333081960678101,0.7333081960678101,
