,src_content_0,att_src_edge_0,src_edge_0,full_src_edge_0,dst_content_0,att_dst_edge_0,dst_edge_0,full_dst_edge_0,att_edge_0,edge_0,full_edge_0,bias_0
0,0.287420392036438,1.0,1.1089484691619873,1.1089484691619873,,1.0,,,1.0,0.5182608962059021,0.5182608962059021,-0.5908288955688477
