,src_content_0,att_src_edge_0,src_edge_0,full_src_edge_0,dst_content_0,att_dst_edge_0,dst_edge_0,full_dst_edge_0,att_edge_0,edge_0,full_edge_0,bias_0
0,1.3401137590408325,1.0,-0.01728084683418274,-0.01728084683418274,,1.0,,,1.0,-1.2745155096054077,-1.2745155096054077,0.0
