,src_content_0,att_src_edge_0,src_edge_0,full_src_edge_0,dst_content_0,att_dst_edge_0,dst_edge_0,full_dst_edge_0,att_edge_0,edge_0,full_edge_0,bias_0
0,0.07610464841127396,1.0,-0.038760460913181305,-0.038760460913181305,,1.0,,,1.0,0.0061248838901519775,0.0061248838901519775,-1.468450665473938
