,src_content_0,att_src_edge_0,src_edge_0,full_src_edge_0,dst_content_0,att_dst_edge_0,dst_edge_0,full_dst_edge_0,att_edge_0,edge_0,full_edge_0,bias_0
0,-1.1798532009124756,1.0,0.003026945749297738,0.003026945749297738,,1.0,,,1.0,1.2206978797912598,1.2206978797912598,0.09393076598644257
