,src_content_0,src_content_1,att_src_edge_0,src_edge_0,src_edge_1,full_src_edge_0,full_src_edge_1,dst_content_0,att_dst_edge_0,dst_edge_0,full_dst_edge_0,att_edge_0,edge_0,full_edge_0,bias_0
0,1.0,1.0,1.0,-0.7452762722969055,-0.8124756217002869,-0.7452762722969055,-0.8124756217002869,,1.0,,,1.0,1.7491549253463745,1.7491549253463745,-0.048477575182914734
