,train_avg_pred-true,train_avg_MAE,val_avg_pred-true,val_avg_MAE
0,1.4538056533333334,1.6542895866666667,-0.3007259,0.3007259
