,src_content_0,att_src_edge_0,src_edge_0,full_src_edge_0,dst_content_0,att_dst_edge_0,dst_edge_0,full_dst_edge_0,att_edge_0,edge_0,full_edge_0,bias_0
0,0.17518259584903717,1.0,-0.4533749222755432,-0.4533749222755432,,1.0,,,1.0,0.18313083052635193,0.18313083052635193,-1.1580142974853516
