,src_content_0,src_content_1,att_src_edge_0,src_edge_0,src_edge_1,full_src_edge_0,full_src_edge_1,dst_content_0,att_dst_edge_0,dst_edge_0,full_dst_edge_0,att_edge_0,edge_0,full_edge_0,bias_0
0,-0.7140511274337769,-2.0671780109405518,1.0,-0.3296794295310974,-1.3309860229492188,-0.3296794295310974,-1.3309860229492188,,1.0,,,1.0,-0.5281149744987488,-0.5281149744987488,
