,param_0,param_1
0,-0.02265548788090347,1.3189336216074619
