,src_content_0,att_src_edge_0,src_edge_0,full_src_edge_0,dst_content_0,att_dst_edge_0,dst_edge_0,full_dst_edge_0,att_edge_0,edge_0,full_edge_0,bias_0
0,-0.8053440451622009,1.0,0.5524443984031677,0.5524443984031677,,1.0,,,1.0,-0.20147109031677246,-0.20147109031677246,0.2512941062450409
