,src_content_0,att_src_edge_0,src_edge_0,full_src_edge_0,dst_content_0,att_dst_edge_0,dst_edge_0,full_dst_edge_0,att_edge_0,edge_0,full_edge_0,bias_0
0,0.22901864349842072,1.0,-0.17851115763187408,-0.17851115763187408,,1.0,,,1.0,0.0217076875269413,0.0217076875269413,-1.149078130722046
