,train_avg_pred-true,train_avg_MAE,val_avg_pred-true,val_avg_MAE
0,-0.1380181175,0.8073114025,-0.6352614250000002,0.6352614250000002
