,src_content_0,att_src_edge_0,src_edge_0,full_src_edge_0,dst_content_0,att_dst_edge_0,dst_edge_0,full_dst_edge_0,att_edge_0,edge_0,full_edge_0,bias_0
0,-1.2937413454055786,1.0,0.6587710380554199,0.6587710380554199,,1.0,,,1.0,-0.034821391105651855,-0.034821391105651855,
