,src_content_0,att_src_edge_0,src_edge_0,full_src_edge_0,dst_content_0,att_dst_edge_0,dst_edge_0,full_dst_edge_0,att_edge_0,edge_0,full_edge_0,bias_0
0,0.2867160439491272,1.0,0.576487123966217,0.576487123966217,,1.0,,,1.0,-0.30425190925598145,-0.30425190925598145,-1.0882962942123413
