,src_content_0,att_src_edge_0,src_edge_0,full_src_edge_0,dst_content_0,att_dst_edge_0,dst_edge_0,full_dst_edge_0,att_edge_0,edge_0,full_edge_0,bias_0
0,-0.6946308016777039,1.0,0.1313396394252777,0.1313396394252777,,1.0,,,1.0,0.40082842111587524,0.40082842111587524,
