,src_content_0,src_content_1,att_src_edge_0,src_edge_0,src_edge_1,full_src_edge_0,full_src_edge_1,dst_content_0,att_dst_edge_0,dst_edge_0,full_dst_edge_0,att_edge_0,edge_0,full_edge_0,bias_0
0,-0.307296484708786,1.857529640197754,1.0,-0.32467514276504517,-1.4904329776763916,-0.32467514276504517,-1.4904329776763916,,1.0,,,1.0,-0.23250196874141693,-0.23250196874141693,
