,src_content_0,src_content_1,att_src_edge_0,src_edge_0,src_edge_1,full_src_edge_0,full_src_edge_1,dst_content_0,att_dst_edge_0,dst_edge_0,full_dst_edge_0,att_edge_0,edge_0,full_edge_0,bias_0
0,0.23104242980480194,0.8709045052528381,1.0,-1.5008668899536133,0.7572954297065735,-1.5008668899536133,0.7572954297065735,,1.0,,,1.0,0.47953954339027405,0.47953954339027405,-0.9658610820770264
