,src_content_0,att_src_edge_0,src_edge_0,full_src_edge_0,dst_content_0,att_dst_edge_0,dst_edge_0,full_dst_edge_0,att_edge_0,edge_0,full_edge_0,bias_0
0,0.5732719302177429,1.0,-1.0952789783477783,-1.0952789783477783,,1.0,,,1.0,-0.03662361204624176,-0.03662361204624176,-0.41010236740112305
