,src_content_0,att_src_edge_0,src_edge_0,full_src_edge_0,dst_content_0,att_dst_edge_0,dst_edge_0,full_dst_edge_0,att_edge_0,edge_0,full_edge_0,bias_0
0,-0.951141357421875,1.0,0.7076319456100464,0.7076319456100464,,1.0,,,1.0,1.6502783298492432,1.6502783298492432,-0.47453242540359497
