,train_avg_pred-true,train_avg_MAE,val_avg_pred-true,val_avg_MAE
0,0.31763071875000004,0.8999536812500001,2.23854026,2.23854026
