,train_avg_pred-true,train_avg_MAE,val_avg_pred-true,val_avg_MAE
0,-0.008339769999999996,1.11421308,1.437016043,1.437016043
