,src_content_0,src_content_1,att_src_edge_0,src_edge_0,src_edge_1,full_src_edge_0,full_src_edge_1,dst_content_0,att_dst_edge_0,dst_edge_0,full_dst_edge_0,att_edge_0,edge_0,full_edge_0,bias_0
0,0.07792747765779495,0.3591483235359192,1.0,0.19603365659713745,0.343662828207016,0.19603365659713745,0.343662828207016,,1.0,,,1.0,0.09295300394296646,0.09295300394296646,-0.9994207620620728
