,src_content_0,att_src_edge_0,src_edge_0,full_src_edge_0,dst_content_0,att_dst_edge_0,dst_edge_0,full_dst_edge_0,att_edge_0,edge_0,full_edge_0,bias_0
0,0.045371804386377335,1.0,-0.1196952611207962,-0.1196952611207962,,1.0,,,1.0,-0.0012932802783325315,-0.0012932802783325315,-1.4254127740859985
