,train_avg_pred-true,train_avg_MAE,val_avg_pred-true,val_avg_MAE
0,0.34546119649999996,0.4870337445,0.5868605548,0.7102827772
