,src_content_0,att_src_edge_0,src_edge_0,full_src_edge_0,dst_content_0,att_dst_edge_0,dst_edge_0,full_dst_edge_0,att_edge_0,edge_0,full_edge_0,bias_0
0,0.32754647731781006,1.0,0.8820479512214661,0.8820479512214661,,1.0,,,1.0,0.5448885560035706,0.5448885560035706,-0.4568095803260803
