,train_avg_pred-true,train_avg_MAE,val_avg_pred-true,val_avg_MAE,param_0,param_1,param_0,param_1,param_0_mean_trained,param_1_mean_trained,param_0_std_trained,param_1_std_trained
0,0.050036289826969414,1.4569747787894254,0.29608662850582124,1.4637614972871273,-0.46162684014164485,1.0801191944148436,1.1354798454663384,0.9908805595315981,-0.045030603287302316,1.0544168246000347,0.07752637162256713,0.13537163173643343
