,param_0,param_1
0,0.11533536853618936,1.1764832717903695
