,param_0,param_1
0,-0.07484624278064543,0.8206713714980755
