,src_content_0,src_content_1,att_src_edge_0,src_edge_0,src_edge_1,full_src_edge_0,full_src_edge_1,dst_content_0,att_dst_edge_0,dst_edge_0,full_dst_edge_0,att_edge_0,edge_0,full_edge_0,bias_0
0,-0.02907353639602661,-0.24587884545326233,1.0,0.2490343600511551,1.1915102005004883,0.2490343600511551,1.1915102005004883,,1.0,,,1.0,0.2551739811897278,0.2551739811897278,0.11007759720087051
