,src_content_0,src_content_1,att_src_edge_0,src_edge_0,src_edge_1,full_src_edge_0,full_src_edge_1,dst_content_0,att_dst_edge_0,dst_edge_0,full_dst_edge_0,att_edge_0,edge_0,full_edge_0,bias_0
0,0.777877688407898,0.6305199265480042,1.0,0.783897876739502,-1.4622182846069336,0.783897876739502,-1.4622182846069336,,1.0,,,1.0,0.9405459761619568,0.9405459761619568,-0.41728416085243225
