,src_content_0,src_content_1,att_src_edge_0,src_edge_0,src_edge_1,full_src_edge_0,full_src_edge_1,dst_content_0,att_dst_edge_0,dst_edge_0,full_dst_edge_0,att_edge_0,edge_0,full_edge_0,bias_0
0,-1.1540801525115967,0.5191643238067627,1.0,-0.2504821717739105,-1.1169133186340332,-0.2504821717739105,-1.1169133186340332,,1.0,,,1.0,0.07823748886585236,0.07823748886585236,0.28609853982925415
