,src_content_0,att_src_edge_0,src_edge_0,full_src_edge_0,dst_content_0,att_dst_edge_0,dst_edge_0,full_dst_edge_0,att_edge_0,edge_0,full_edge_0,bias_0
0,0.7513938546180725,1.0,-0.7686775922775269,-0.7686775922775269,,1.0,,,1.0,1.0923488140106201,1.0923488140106201,-0.7189586162567139
