,src_content_0,src_content_1,att_src_edge_0,src_edge_0,src_edge_1,full_src_edge_0,full_src_edge_1,dst_content_0,att_dst_edge_0,dst_edge_0,full_dst_edge_0,att_edge_0,edge_0,full_edge_0,bias_0
0,-0.8108035326004028,-0.2964481711387634,1.0,-0.43648895621299744,-0.2821384370326996,-0.43648895621299744,-0.2821384370326996,,1.0,,,1.0,0.1263938993215561,0.1263938993215561,-0.3314651846885681
