,param_0,param_1
0,1.9938617867807316,2.2231500314897037
