,src_content_0,att_src_edge_0,src_edge_0,full_src_edge_0,dst_content_0,att_dst_edge_0,dst_edge_0,full_dst_edge_0,att_edge_0,edge_0,full_edge_0,bias_0
0,0.4295523464679718,1.0,-0.35058581829071045,-0.35058581829071045,,1.0,,,1.0,0.42494481801986694,0.42494481801986694,0.0
