,param_0,param_1
0,-0.05807025509945234,1.017698798165748
