,src_content_0,att_src_edge_0,src_edge_0,full_src_edge_0,dst_content_0,att_dst_edge_0,dst_edge_0,full_dst_edge_0,att_edge_0,edge_0,full_edge_0,bias_0
0,0.02335556037724018,1.0,0.17476172745227814,0.17476172745227814,,1.0,,,1.0,0.033060770481824875,0.033060770481824875,-0.06990495324134827
