,src_content_0,att_src_edge_0,src_edge_0,full_src_edge_0,dst_content_0,att_dst_edge_0,dst_edge_0,full_dst_edge_0,att_edge_0,edge_0,full_edge_0,bias_0
0,1.2599960565567017,1.0,-0.8342747688293457,-0.8342747688293457,,1.0,,,1.0,0.23712322115898132,0.23712322115898132,
