,src_content_0,att_src_edge_0,src_edge_0,full_src_edge_0,dst_content_0,att_dst_edge_0,dst_edge_0,full_dst_edge_0,att_edge_0,edge_0,full_edge_0,bias_0
0,1.2954431772232056,1.0,-0.968869686126709,-0.968869686126709,,1.0,,,1.0,0.00810359325259924,0.00810359325259924,-0.2784360945224762
