,src_content_0,src_content_1,att_src_edge_0,src_edge_0,src_edge_1,full_src_edge_0,full_src_edge_1,dst_content_0,att_dst_edge_0,dst_edge_0,full_dst_edge_0,att_edge_0,edge_0,full_edge_0,bias_0
0,1.0,1.0,1.0,-0.21337831020355225,-1.1622164249420166,-0.21337831020355225,-1.1622164249420166,,1.0,,,1.0,1.4759548902511597,1.4759548902511597,-0.872310996055603
