,src_content_0,att_src_edge_0,src_edge_0,full_src_edge_0,dst_content_0,att_dst_edge_0,dst_edge_0,full_dst_edge_0,att_edge_0,edge_0,full_edge_0,bias_0
0,-0.38274452090263367,1.0,0.08397235721349716,0.08397235721349716,,1.0,,,1.0,-0.019683020189404488,-0.019683020189404488,-0.2372155487537384
