,src_content_0,att_src_edge_0,src_edge_0,full_src_edge_0,dst_content_0,att_dst_edge_0,dst_edge_0,full_dst_edge_0,att_edge_0,edge_0,full_edge_0,bias_0
0,1.0,1.0,0.16050922870635986,0.16050922870635986,,1.0,,,1.0,0.0008530484046787024,0.0008530484046787024,0.37008199095726013
