,src_content_0,src_content_1,att_src_edge_0,src_edge_0,src_edge_1,full_src_edge_0,full_src_edge_1,dst_content_0,att_dst_edge_0,dst_edge_0,full_dst_edge_0,att_edge_0,edge_0,full_edge_0,bias_0
0,-1.1352555751800537,-0.7910968661308289,1.0,-0.5653469562530518,-0.32475244998931885,-0.5653469562530518,-0.32475244998931885,,1.0,,,1.0,-0.09250813722610474,-0.09250813722610474,-0.17330479621887207
