,src_content_0,src_content_1,att_src_edge_0,src_edge_0,src_edge_1,full_src_edge_0,full_src_edge_1,dst_content_0,att_dst_edge_0,dst_edge_0,full_dst_edge_0,att_edge_0,edge_0,full_edge_0,bias_0
0,1.0,1.0,1.0,-1.4827892780303955,-0.36623600125312805,-1.4827892780303955,-0.36623600125312805,,1.0,,,1.0,0.3942998945713043,0.3942998945713043,-0.6339157819747925
