,train_avg_pred-true,train_avg_MAE,val_avg_pred-true,val_avg_MAE
0,0.7213077029999999,1.157916043,1.3402824484,1.7156659003999999
