,src_content_0,att_src_edge_0,src_edge_0,full_src_edge_0,dst_content_0,att_dst_edge_0,dst_edge_0,full_dst_edge_0,att_edge_0,edge_0,full_edge_0,bias_0
0,0.7339501976966858,1.0,-0.21299666166305542,-0.21299666166305542,,1.0,,,1.0,0.6974247097969055,0.6974247097969055,0.0
