,src_content_0,att_src_edge_0,src_edge_0,full_src_edge_0,dst_content_0,att_dst_edge_0,dst_edge_0,full_dst_edge_0,att_edge_0,edge_0,full_edge_0,bias_0
0,1.0,1.0,-0.19025090336799622,-0.19025090336799622,,1.0,,,1.0,-0.40059006214141846,-0.40059006214141846,-0.7283889055252075
