,train_avg_pred-true,train_avg_MAE,val_avg_pred-true,val_avg_MAE
0,1.436900825,1.436900825,0.7260130499999999,0.7260130499999999
