,src_content_0,src_content_1,att_src_edge_0,src_edge_0,src_edge_1,full_src_edge_0,full_src_edge_1,dst_content_0,att_dst_edge_0,dst_edge_0,full_dst_edge_0,att_edge_0,edge_0,full_edge_0,bias_0
0,-0.7004980444908142,0.24017831683158875,1.0,-0.2817908823490143,0.6719931960105896,-0.2817908823490143,0.6719931960105896,,1.0,,,1.0,-0.05497952178120613,-0.05497952178120613,-0.5867595076560974
