,src_content_0,src_content_1,att_src_edge_0,src_edge_0,src_edge_1,full_src_edge_0,full_src_edge_1,dst_content_0,att_dst_edge_0,dst_edge_0,full_dst_edge_0,att_edge_0,edge_0,full_edge_0,bias_0
0,-1.3276277780532837,0.1850300282239914,1.0,0.38905078172683716,0.16684699058532715,0.38905078172683716,0.16684699058532715,,1.0,,,1.0,-0.015246531926095486,-0.015246531926095486,
