,src_content_0,att_src_edge_0,src_edge_0,full_src_edge_0,dst_content_0,att_dst_edge_0,dst_edge_0,full_dst_edge_0,att_edge_0,edge_0,full_edge_0,bias_0
0,0.3692614436149597,1.0,-0.7035545110702515,-0.7035545110702515,,1.0,,,1.0,0.03695262596011162,0.03695262596011162,-1.0199815034866333
