,train_avg_pred-true,train_avg_MAE,val_avg_pred-true,val_avg_MAE
0,0.484008714,0.5066966235,0.035292323333333285,0.35796477666666665
