,src_content_0,src_content_1,att_src_edge_0,src_edge_0,src_edge_1,full_src_edge_0,full_src_edge_1,dst_content_0,att_dst_edge_0,dst_edge_0,full_dst_edge_0,att_edge_0,edge_0,full_edge_0,bias_0
0,-0.7508631348609924,0.2969059348106384,1.0,-0.773079514503479,-0.09779929369688034,-0.773079514503479,-0.09779929369688034,,1.0,,,1.0,-0.010904722847044468,-0.010904722847044468,
