,src_content_0,att_src_edge_0,src_edge_0,full_src_edge_0,dst_content_0,att_dst_edge_0,dst_edge_0,full_dst_edge_0,att_edge_0,edge_0,full_edge_0,bias_0
0,1.5125559568405151,1.0,0.32305771112442017,0.32305771112442017,,1.0,,,1.0,-0.3672322630882263,-0.3672322630882263,-0.9639856815338135
