,param_0,param_1
0,0.8870958548760114,3.706262908809416
