,param_0,param_1
0,0.11107553788590174,1.5093769552137237
