,src_content_0,src_content_1,att_src_edge_0,src_edge_0,src_edge_1,full_src_edge_0,full_src_edge_1,dst_content_0,att_dst_edge_0,dst_edge_0,full_dst_edge_0,att_edge_0,edge_0,full_edge_0,bias_0
0,1.0,1.0,1.0,-0.2633286416530609,-0.35450437664985657,-0.2633286416530609,-0.35450437664985657,,1.0,,,1.0,0.018779447302222252,0.018779447302222252,-1.1885443925857544
