,src_content_0,src_content_1,att_src_edge_0,src_edge_0,src_edge_1,full_src_edge_0,full_src_edge_1,dst_content_0,att_dst_edge_0,dst_edge_0,full_dst_edge_0,att_edge_0,edge_0,full_edge_0,bias_0
0,-1.2565696239471436,1.01125967502594,1.0,0.030196385458111763,-0.9880270957946777,0.030196385458111763,-0.9880270957946777,,1.0,,,1.0,0.36433297395706177,0.36433297395706177,
