,src_content_0,src_content_1,att_src_edge_0,src_edge_0,src_edge_1,full_src_edge_0,full_src_edge_1,dst_content_0,att_dst_edge_0,dst_edge_0,full_dst_edge_0,att_edge_0,edge_0,full_edge_0,bias_0
0,-0.3947141170501709,0.8527752757072449,1.0,0.5949800610542297,-1.5111163854599,0.5949800610542297,-1.5111163854599,,1.0,,,1.0,0.17427432537078857,0.17427432537078857,-0.4859050512313843
