,src_content_0,att_src_edge_0,src_edge_0,full_src_edge_0,dst_content_0,att_dst_edge_0,dst_edge_0,full_dst_edge_0,att_edge_0,edge_0,full_edge_0,bias_0
0,0.5513537526130676,1.0,0.46099093556404114,0.46099093556404114,,1.0,,,1.0,0.09605765342712402,0.09605765342712402,
