,src_content_0,att_src_edge_0,src_edge_0,full_src_edge_0,dst_content_0,att_dst_edge_0,dst_edge_0,full_dst_edge_0,att_edge_0,edge_0,full_edge_0,bias_0
0,-0.7114945650100708,1.0,0.44328659772872925,0.44328659772872925,,1.0,,,1.0,0.023223580792546272,0.023223580792546272,
