,src_content_0,att_src_edge_0,src_edge_0,full_src_edge_0,dst_content_0,att_dst_edge_0,dst_edge_0,full_dst_edge_0,att_edge_0,edge_0,full_edge_0,bias_0
0,0.2130107283592224,1.0,-0.6372774839401245,-0.6372774839401245,,1.0,,,1.0,0.016959160566329956,0.016959160566329956,1.2965255975723267
