,src_content_0,src_content_1,att_src_edge_0,src_edge_0,src_edge_1,full_src_edge_0,full_src_edge_1,dst_content_0,att_dst_edge_0,dst_edge_0,full_dst_edge_0,att_edge_0,edge_0,full_edge_0,bias_0
0,1.0,1.0,1.0,-0.5304816961288452,-0.8047503232955933,-0.5304816961288452,-0.8047503232955933,,1.0,,,1.0,0.6596965789794922,0.6596965789794922,-1.009018898010254
