,src_content_0,src_content_1,att_src_edge_0,src_edge_0,src_edge_1,full_src_edge_0,full_src_edge_1,dst_content_0,att_dst_edge_0,dst_edge_0,full_dst_edge_0,att_edge_0,edge_0,full_edge_0,bias_0
0,-2.04726505279541,-1.966305136680603,1.0,-0.4107050895690918,-1.9846985340118408,-0.4107050895690918,-1.9846985340118408,,1.0,,,1.0,-3.557986259460449,-3.557986259460449,
