,src_content_0,att_src_edge_0,src_edge_0,full_src_edge_0,dst_content_0,att_dst_edge_0,dst_edge_0,full_dst_edge_0,att_edge_0,edge_0,full_edge_0,bias_0
0,-1.390622854232788,1.0,0.7104828357696533,0.7104828357696533,,1.0,,,1.0,0.7348051071166992,0.7348051071166992,0.08389444649219513
