,src_content_0,att_src_edge_0,src_edge_0,full_src_edge_0,dst_content_0,att_dst_edge_0,dst_edge_0,full_dst_edge_0,att_edge_0,edge_0,full_edge_0,bias_0
0,-0.05357886850833893,1.0,-0.47024792432785034,-0.47024792432785034,,1.0,,,1.0,0.4006769359111786,0.4006769359111786,-0.4774438142776489
