,src_content_0,att_src_edge_0,src_edge_0,full_src_edge_0,dst_content_0,att_dst_edge_0,dst_edge_0,full_dst_edge_0,att_edge_0,edge_0,full_edge_0,bias_0
0,-1.3210572004318237,1.0,-0.48021820187568665,-0.48021820187568665,,1.0,,,1.0,-0.31209054589271545,-0.31209054589271545,0.0
