,src_content_0,src_content_1,att_src_edge_0,src_edge_0,src_edge_1,full_src_edge_0,full_src_edge_1,dst_content_0,att_dst_edge_0,dst_edge_0,full_dst_edge_0,att_edge_0,edge_0,full_edge_0,bias_0
0,-0.47837525606155396,0.7035641670227051,1.0,-1.0762848854064941,-1.127210021018982,-1.0762848854064941,-1.127210021018982,,1.0,,,1.0,-0.07193408161401749,-0.07193408161401749,
