,train_avg_pred-true,train_avg_MAE,val_avg_pred-true,val_avg_MAE
0,0.9717987325000002,0.9717987325000002,-0.9377668,0.9377668
