,src_content_0,att_src_edge_0,src_edge_0,full_src_edge_0,dst_content_0,att_dst_edge_0,dst_edge_0,full_dst_edge_0,att_edge_0,edge_0,full_edge_0,bias_0
0,-0.04712057486176491,1.0,0.011568757705390453,0.011568757705390453,,1.0,,,1.0,0.26677951216697693,0.26677951216697693,0.6090494394302368
