,src_content_0,att_src_edge_0,src_edge_0,full_src_edge_0,dst_content_0,att_dst_edge_0,dst_edge_0,full_dst_edge_0,att_edge_0,edge_0,full_edge_0,bias_0
0,1.0,1.0,-0.0005836858763359487,-0.0005836858763359487,,1.0,,,1.0,-2.2995450496673584,-2.2995450496673584,-0.6674042344093323
