,src_content_0,src_content_1,att_src_edge_0,src_edge_0,src_edge_1,full_src_edge_0,full_src_edge_1,dst_content_0,att_dst_edge_0,dst_edge_0,full_dst_edge_0,att_edge_0,edge_0,full_edge_0,bias_0
0,-0.3807453215122223,-0.24979998171329498,1.0,0.704318642616272,0.24188768863677979,0.704318642616272,0.24188768863677979,,1.0,,,1.0,0.5624437928199768,0.5624437928199768,0.42478007078170776
