,src_content_0,att_src_edge_0,src_edge_0,full_src_edge_0,dst_content_0,att_dst_edge_0,dst_edge_0,full_dst_edge_0,att_edge_0,edge_0,full_edge_0,bias_0
0,-0.8815388083457947,1.0,-1.292519450187683,-1.292519450187683,,1.0,,,1.0,0.30693283677101135,0.30693283677101135,0.8337395191192627
