,param_0,param_1
0,0.027088673452497238,0.9949945475087008
