,param_0,param_1
0,-0.003990598455107763,-3.271724543714525
