,src_content_0,att_src_edge_0,src_edge_0,full_src_edge_0,dst_content_0,att_dst_edge_0,dst_edge_0,full_dst_edge_0,att_edge_0,edge_0,full_edge_0,bias_0
0,-0.6810541749000549,1.0,0.532828688621521,0.532828688621521,,1.0,,,1.0,-0.06061866879463196,-0.06061866879463196,-0.04613998532295227
