,train_avg_pred-true,train_avg_MAE,val_avg_pred-true,val_avg_MAE
0,0.7264331959166666,1.0146536459166664,1.3016136850000002,1.3016136850000002
