,src_content_0,att_src_edge_0,src_edge_0,full_src_edge_0,dst_content_0,att_dst_edge_0,dst_edge_0,full_dst_edge_0,att_edge_0,edge_0,full_edge_0,bias_0
0,1.3381989002227783,1.0,0.188938170671463,0.188938170671463,,1.0,,,1.0,0.033507924526929855,0.033507924526929855,
