,src_content_0,src_content_1,att_src_edge_0,src_edge_0,src_edge_1,full_src_edge_0,full_src_edge_1,dst_content_0,att_dst_edge_0,dst_edge_0,full_dst_edge_0,att_edge_0,edge_0,full_edge_0,bias_0
0,1.0,1.0,1.0,-0.9677537679672241,0.49722784757614136,-0.9677537679672241,0.49722784757614136,,1.0,,,1.0,0.22016213834285736,0.22016213834285736,-0.13722895085811615
