,src_content_0,att_src_edge_0,src_edge_0,full_src_edge_0,dst_content_0,att_dst_edge_0,dst_edge_0,full_dst_edge_0,att_edge_0,edge_0,full_edge_0,bias_0
0,1.0,1.0,-0.06003729999065399,-0.06003729999065399,,1.0,,,1.0,0.13424018025398254,0.13424018025398254,-1.0983375310897827
