,src_content_0,att_src_edge_0,src_edge_0,full_src_edge_0,dst_content_0,att_dst_edge_0,dst_edge_0,full_dst_edge_0,att_edge_0,edge_0,full_edge_0,bias_0
0,-0.3088918626308441,1.0,0.11150584369897842,0.11150584369897842,,1.0,,,1.0,-0.04201966151595116,-0.04201966151595116,-1.3587093353271484
