,train_avg_pred-true,train_avg_MAE,val_avg_pred-true,val_avg_MAE
0,-0.16259667962500002,0.484008689625,-0.480227388,0.49535266
