,src_content_0,att_src_edge_0,src_edge_0,full_src_edge_0,dst_content_0,att_dst_edge_0,dst_edge_0,full_dst_edge_0,att_edge_0,edge_0,full_edge_0,bias_0
0,-0.8147502541542053,1.0,-0.008072958327829838,-0.008072958327829838,,1.0,,,1.0,-0.25421106815338135,-0.25421106815338135,-1.3840597867965698
