,src_content_0,att_src_edge_0,src_edge_0,full_src_edge_0,dst_content_0,att_dst_edge_0,dst_edge_0,full_dst_edge_0,att_edge_0,edge_0,full_edge_0,bias_0
0,0.9741525053977966,1.0,-1.212095856666565,-1.212095856666565,,1.0,,,1.0,1.2243860960006714,1.2243860960006714,-0.33837783336639404
