,src_content_0,att_src_edge_0,src_edge_0,full_src_edge_0,dst_content_0,att_dst_edge_0,dst_edge_0,full_dst_edge_0,att_edge_0,edge_0,full_edge_0,bias_0
0,-0.996379554271698,1.0,-0.07788529992103577,-0.07788529992103577,,1.0,,,1.0,0.37225979566574097,0.37225979566574097,
