,src_content_0,src_content_1,att_src_edge_0,src_edge_0,src_edge_1,full_src_edge_0,full_src_edge_1,dst_content_0,att_dst_edge_0,dst_edge_0,full_dst_edge_0,att_edge_0,edge_0,full_edge_0,bias_0
0,-0.25632086396217346,1.2966344356536865,1.0,-0.29828810691833496,-1.2145648002624512,-0.29828810691833496,-1.2145648002624512,,1.0,,,1.0,0.20352019369602203,0.20352019369602203,-0.37252071499824524
