,src_content_0,att_src_edge_0,src_edge_0,full_src_edge_0,dst_content_0,att_dst_edge_0,dst_edge_0,full_dst_edge_0,att_edge_0,edge_0,full_edge_0,bias_0
0,0.4888034462928772,1.0,-1.2771588563919067,-1.2771588563919067,,1.0,,,1.0,0.44853541254997253,0.44853541254997253,-0.9282126426696777
