,src_content_0,att_src_edge_0,src_edge_0,full_src_edge_0,dst_content_0,att_dst_edge_0,dst_edge_0,full_dst_edge_0,att_edge_0,edge_0,full_edge_0,bias_0
0,0.8852301836013794,1.0,0.20114606618881226,0.20114606618881226,,1.0,,,1.0,0.1376737803220749,0.1376737803220749,-0.7911299467086792
