,src_content_0,att_src_edge_0,src_edge_0,full_src_edge_0,dst_content_0,att_dst_edge_0,dst_edge_0,full_dst_edge_0,att_edge_0,edge_0,full_edge_0,bias_0
0,0.4018445611000061,1.0,-0.15981018543243408,-0.15981018543243408,,1.0,,,1.0,0.3194069266319275,0.3194069266319275,-0.2223517745733261
