,src_content_0,src_content_1,att_src_edge_0,src_edge_0,src_edge_1,full_src_edge_0,full_src_edge_1,dst_content_0,att_dst_edge_0,dst_edge_0,full_dst_edge_0,att_edge_0,edge_0,full_edge_0,bias_0
0,-0.9424083232879639,0.07896757125854492,1.0,0.12983520328998566,0.6855363845825195,0.12983520328998566,0.6855363845825195,,1.0,,,1.0,0.21602316200733185,0.21602316200733185,
