,train_avg_pred-true,train_avg_MAE,val_avg_pred-true,val_avg_MAE
0,2.0835062124999997,2.0835062124999997,2.29904136,2.29904136
