,train_avg_pred-true,train_avg_MAE,val_avg_pred-true,val_avg_MAE
0,1.5377359833636364,1.5377359833636364,1.2352305546,1.2352305546
