,src_content_0,att_src_edge_0,src_edge_0,full_src_edge_0,dst_content_0,att_dst_edge_0,dst_edge_0,full_dst_edge_0,att_edge_0,edge_0,full_edge_0,bias_0
0,0.054748453199863434,1.0,0.8672211170196533,0.8672211170196533,,1.0,,,1.0,0.3864215612411499,0.3864215612411499,-0.8165152668952942
