,src_content_0,att_src_edge_0,src_edge_0,full_src_edge_0,dst_content_0,att_dst_edge_0,dst_edge_0,full_dst_edge_0,att_edge_0,edge_0,full_edge_0,bias_0
0,1.130759596824646,1.0,-0.8186220526695251,-0.8186220526695251,,1.0,,,1.0,1.5471285581588745,1.5471285581588745,-0.4647946357727051
