,src_content_0,att_src_edge_0,src_edge_0,full_src_edge_0,dst_content_0,att_dst_edge_0,dst_edge_0,full_dst_edge_0,att_edge_0,edge_0,full_edge_0,bias_0
0,-1.1108871698379517,1.0,1.1472134590148926,1.1472134590148926,,1.0,,,1.0,1.081256628036499,1.081256628036499,-0.015171862207353115
