,src_content_0,src_content_1,att_src_edge_0,src_edge_0,src_edge_1,full_src_edge_0,full_src_edge_1,dst_content_0,att_dst_edge_0,dst_edge_0,full_dst_edge_0,att_edge_0,edge_0,full_edge_0,bias_0
0,-0.19447387754917145,0.08660008013248444,1.0,0.9917774200439453,0.23972143232822418,0.9917774200439453,0.23972143232822418,,1.0,,,1.0,0.2609698176383972,0.2609698176383972,-0.19760754704475403
