,train_avg_pred-true,train_avg_MAE,val_avg_pred-true,val_avg_MAE
0,1.88849828,1.88849828,1.3540720033333333,1.3540720033333333
