,src_content_0,src_content_1,att_src_edge_0,src_edge_0,src_edge_1,full_src_edge_0,full_src_edge_1,dst_content_0,att_dst_edge_0,dst_edge_0,full_dst_edge_0,att_edge_0,edge_0,full_edge_0,bias_0
0,1.0,1.0,1.0,-0.13168098032474518,0.3308086693286896,-0.13168098032474518,0.3308086693286896,,1.0,,,1.0,0.4281916618347168,0.4281916618347168,-0.9725359082221985
