,src_content_0,att_src_edge_0,src_edge_0,full_src_edge_0,dst_content_0,att_dst_edge_0,dst_edge_0,full_dst_edge_0,att_edge_0,edge_0,full_edge_0,bias_0
0,0.5311664342880249,1.0,0.1743859052658081,0.1743859052658081,,1.0,,,1.0,-0.14848624169826508,-0.14848624169826508,-0.48257240653038025
