,src_content_0,att_src_edge_0,src_edge_0,full_src_edge_0,dst_content_0,att_dst_edge_0,dst_edge_0,full_dst_edge_0,att_edge_0,edge_0,full_edge_0,bias_0
0,0.8697092533111572,1.0,-1.038680076599121,-1.038680076599121,,1.0,,,1.0,-0.1694009155035019,-0.1694009155035019,-0.5894468426704407
