,src_content_0,src_content_1,att_src_edge_0,src_edge_0,src_edge_1,full_src_edge_0,full_src_edge_1,dst_content_0,att_dst_edge_0,dst_edge_0,full_dst_edge_0,att_edge_0,edge_0,full_edge_0,bias_0
0,0.11535264551639557,-0.549929678440094,1.0,0.05834732577204704,-0.19269759953022003,0.05834732577204704,-0.19269759953022003,,1.0,,,1.0,-0.043413132429122925,-0.043413132429122925,-0.2047303020954132
