,src_content_0,src_content_1,att_src_edge_0,src_edge_0,src_edge_1,full_src_edge_0,full_src_edge_1,dst_content_0,att_dst_edge_0,dst_edge_0,full_dst_edge_0,att_edge_0,edge_0,full_edge_0,bias_0
0,-0.32185661792755127,0.47420042753219604,1.0,-0.015322215855121613,-0.062054991722106934,-0.015322215855121613,-0.062054991722106934,,1.0,,,1.0,0.10859423130750656,0.10859423130750656,
