,train_avg_pred-true,train_avg_MAE,val_avg_pred-true,val_avg_MAE
0,0.3904210775,1.0559330715000002,1.719239245,1.719239245
