,src_content_0,att_src_edge_0,src_edge_0,full_src_edge_0,dst_content_0,att_dst_edge_0,dst_edge_0,full_dst_edge_0,att_edge_0,edge_0,full_edge_0,bias_0
0,1.0181571245193481,1.0,-0.7213488817214966,-0.7213488817214966,,1.0,,,1.0,0.06536815315485,0.06536815315485,-0.5691695213317871
