,src_content_0,src_content_1,att_src_edge_0,src_edge_0,src_edge_1,full_src_edge_0,full_src_edge_1,dst_content_0,att_dst_edge_0,dst_edge_0,full_dst_edge_0,att_edge_0,edge_0,full_edge_0,bias_0
0,-0.8111370205879211,-0.054893892258405685,1.0,0.719329297542572,0.7821339964866638,0.719329297542572,0.7821339964866638,,1.0,,,1.0,0.48758581280708313,0.48758581280708313,
