,src_content_0,att_src_edge_0,src_edge_0,full_src_edge_0,dst_content_0,att_dst_edge_0,dst_edge_0,full_dst_edge_0,att_edge_0,edge_0,full_edge_0,bias_0
0,-0.6720689535140991,1.0,0.5976196527481079,0.5976196527481079,,1.0,,,1.0,0.5678775310516357,0.5678775310516357,0.23543354868888855
