,param_0,param_1
0,-0.04455358668144261,1.0441060606652592
