,param_0,param_1
0,0.4073198485131295,1.503791231282067
