,src_content_0,att_src_edge_0,src_edge_0,full_src_edge_0,dst_content_0,att_dst_edge_0,dst_edge_0,full_dst_edge_0,att_edge_0,edge_0,full_edge_0,bias_0
0,1.0,1.0,-1.0168110132217407,-1.0168110132217407,,1.0,,,1.0,0.047669652849435806,0.047669652849435806,-1.0234954357147217
