,param_0,param_1
0,-0.013573225296123157,0.7323637482177611
