,param_0,param_1
0,-0.0383200316449826,1.0934953546381225
