,src_content_0,att_src_edge_0,src_edge_0,full_src_edge_0,dst_content_0,att_dst_edge_0,dst_edge_0,full_dst_edge_0,att_edge_0,edge_0,full_edge_0,bias_0
0,-1.206627607345581,1.0,0.4481041729450226,0.4481041729450226,,1.0,,,1.0,0.08131323754787445,0.08131323754787445,-0.8549928665161133
