,src_content_0,src_content_1,att_src_edge_0,src_edge_0,src_edge_1,full_src_edge_0,full_src_edge_1,dst_content_0,att_dst_edge_0,dst_edge_0,full_dst_edge_0,att_edge_0,edge_0,full_edge_0,bias_0
0,1.0,1.0,1.0,-0.15086370706558228,-0.3228371739387512,-0.15086370706558228,-0.3228371739387512,,1.0,,,1.0,0.3354780077934265,0.3354780077934265,-0.6398972868919373
