,src_content_0,src_content_1,att_src_edge_0,src_edge_0,src_edge_1,full_src_edge_0,full_src_edge_1,dst_content_0,att_dst_edge_0,dst_edge_0,full_dst_edge_0,att_edge_0,edge_0,full_edge_0,bias_0
0,0.7379693984985352,0.05525536835193634,1.0,0.3757674992084503,0.019611511379480362,0.3757674992084503,0.019611511379480362,,1.0,,,1.0,0.026547517627477646,0.026547517627477646,
