,train_avg_pred-true,train_avg_MAE,val_avg_pred-true,val_avg_MAE
0,1.4499635772727273,1.4499635772727273,1.3212612639999999,1.3212612639999999
