,src_content_0,src_content_1,att_src_edge_0,src_edge_0,src_edge_1,full_src_edge_0,full_src_edge_1,dst_content_0,att_dst_edge_0,dst_edge_0,full_dst_edge_0,att_edge_0,edge_0,full_edge_0,bias_0
0,-0.8942301273345947,0.05946221947669983,1.0,1.1352044343948364,0.35610008239746094,1.1352044343948364,0.35610008239746094,,1.0,,,1.0,0.11144182831048965,0.11144182831048965,
