,src_content_0,att_src_edge_0,src_edge_0,full_src_edge_0,dst_content_0,att_dst_edge_0,dst_edge_0,full_dst_edge_0,att_edge_0,edge_0,full_edge_0,bias_0
0,1.079652190208435,1.0,-1.0737743377685547,-1.0737743377685547,,1.0,,,1.0,1.8654710054397583,1.8654710054397583,-0.32362958788871765
