,train_avg_pred-true,train_avg_MAE,val_avg_pred-true,val_avg_MAE
0,0.7663909798999999,0.9365831499,0.22490624499999995,0.862140495
