,src_content_0,src_content_1,att_src_edge_0,src_edge_0,src_edge_1,full_src_edge_0,full_src_edge_1,dst_content_0,att_dst_edge_0,dst_edge_0,full_dst_edge_0,att_edge_0,edge_0,full_edge_0,bias_0
0,0.042923007160425186,-0.8040804862976074,1.0,0.33910295367240906,-0.1733313798904419,0.33910295367240906,-0.1733313798904419,,1.0,,,1.0,0.33483579754829407,0.33483579754829407,-0.15577146410942078
