,src_content_0,src_content_1,att_src_edge_0,src_edge_0,src_edge_1,full_src_edge_0,full_src_edge_1,dst_content_0,att_dst_edge_0,dst_edge_0,full_dst_edge_0,att_edge_0,edge_0,full_edge_0,bias_0
0,1.0,1.0,1.0,-0.2611287236213684,-0.47270017862319946,-0.2611287236213684,-0.47270017862319946,,1.0,,,1.0,1.8272334337234497,1.8272334337234497,-0.19512216746807098
