,src_content_0,att_src_edge_0,src_edge_0,full_src_edge_0,dst_content_0,att_dst_edge_0,dst_edge_0,full_dst_edge_0,att_edge_0,edge_0,full_edge_0,bias_0
0,1.4845020771026611,1.0,-0.47312530875205994,-0.47312530875205994,,1.0,,,1.0,1.3914891481399536,1.3914891481399536,0.0
