,src_content_0,att_src_edge_0,src_edge_0,full_src_edge_0,dst_content_0,att_dst_edge_0,dst_edge_0,full_dst_edge_0,att_edge_0,edge_0,full_edge_0,bias_0
0,0.9309598803520203,1.0,-1.4496525526046753,-1.4496525526046753,,1.0,,,1.0,0.11459008604288101,0.11459008604288101,
