,src_content_0,att_src_edge_0,src_edge_0,full_src_edge_0,dst_content_0,att_dst_edge_0,dst_edge_0,full_dst_edge_0,att_edge_0,edge_0,full_edge_0,bias_0
0,0.4089323580265045,1.0,-0.029233980923891068,-0.029233980923891068,,1.0,,,1.0,-1.6086573600769043,-1.6086573600769043,0.0
