,param_0,param_1
0,-0.01564255397020272,1.2087452416381281
