,src_content_0,src_content_1,att_src_edge_0,src_edge_0,src_edge_1,full_src_edge_0,full_src_edge_1,dst_content_0,att_dst_edge_0,dst_edge_0,full_dst_edge_0,att_edge_0,edge_0,full_edge_0,bias_0
0,1.0,1.0,1.0,-0.3986506462097168,-0.9706109762191772,-0.3986506462097168,-0.9706109762191772,,1.0,,,1.0,0.12857522070407867,0.12857522070407867,-0.7478097677230835
