,src_content_0,att_src_edge_0,src_edge_0,full_src_edge_0,dst_content_0,att_dst_edge_0,dst_edge_0,full_dst_edge_0,att_edge_0,edge_0,full_edge_0,bias_0
0,-0.42583128809928894,1.0,-0.1245274543762207,-0.1245274543762207,,1.0,,,1.0,0.16143883764743805,0.16143883764743805,-0.19713766872882843
