,src_content_0,att_src_edge_0,src_edge_0,full_src_edge_0,dst_content_0,att_dst_edge_0,dst_edge_0,full_dst_edge_0,att_edge_0,edge_0,full_edge_0,bias_0
0,1.3307839632034302,1.0,0.2633650302886963,0.2633650302886963,,1.0,,,1.0,1.9675800800323486,1.9675800800323486,-0.6082099080085754
