,src_content_0,att_src_edge_0,src_edge_0,full_src_edge_0,dst_content_0,att_dst_edge_0,dst_edge_0,full_dst_edge_0,att_edge_0,edge_0,full_edge_0,bias_0
0,-0.004920066799968481,1.0,-0.010803704150021076,-0.010803704150021076,,1.0,,,1.0,0.0012921475572511554,0.0012921475572511554,-0.4558807909488678
