,src_content_0,att_src_edge_0,src_edge_0,full_src_edge_0,dst_content_0,att_dst_edge_0,dst_edge_0,full_dst_edge_0,att_edge_0,edge_0,full_edge_0,bias_0
0,1.0,1.0,-1.1817433834075928,-1.1817433834075928,,1.0,,,1.0,0.17314624786376953,0.17314624786376953,-0.7797236442565918
