,src_content_0,att_src_edge_0,src_edge_0,full_src_edge_0,dst_content_0,att_dst_edge_0,dst_edge_0,full_dst_edge_0,att_edge_0,edge_0,full_edge_0,bias_0
0,-0.21471591293811798,1.0,0.07094168663024902,0.07094168663024902,,1.0,,,1.0,0.007900428026914597,0.007900428026914597,-0.4796597361564636
