,src_content_0,src_content_1,att_src_edge_0,src_edge_0,src_edge_1,full_src_edge_0,full_src_edge_1,dst_content_0,att_dst_edge_0,dst_edge_0,full_dst_edge_0,att_edge_0,edge_0,full_edge_0,bias_0
0,-0.28746283054351807,0.0418534129858017,1.0,0.013950175605714321,0.00618463009595871,0.013950175605714321,0.00618463009595871,,1.0,,,1.0,0.028740547597408295,0.028740547597408295,
