,src_content_0,att_src_edge_0,src_edge_0,full_src_edge_0,dst_content_0,att_dst_edge_0,dst_edge_0,full_dst_edge_0,att_edge_0,edge_0,full_edge_0,bias_0
0,-0.013169796206057072,1.0,0.16127531230449677,0.16127531230449677,,1.0,,,1.0,-1.6708669662475586,-1.6708669662475586,0.0
