,src_content_0,att_src_edge_0,src_edge_0,full_src_edge_0,dst_content_0,att_dst_edge_0,dst_edge_0,full_dst_edge_0,att_edge_0,edge_0,full_edge_0,bias_0
0,1.0,1.0,-0.46471744775772095,-0.46471744775772095,,1.0,,,1.0,0.014772674068808556,0.014772674068808556,-0.8172167539596558
