,src_content_0,src_content_1,att_src_edge_0,src_edge_0,src_edge_1,full_src_edge_0,full_src_edge_1,dst_content_0,att_dst_edge_0,dst_edge_0,full_dst_edge_0,att_edge_0,edge_0,full_edge_0,bias_0
0,-0.5352850556373596,0.6362619996070862,1.0,-0.043900683522224426,-0.08248978853225708,-0.043900683522224426,-0.08248978853225708,,1.0,,,1.0,0.5510276556015015,0.5510276556015015,
