,src_content_0,src_content_1,att_src_edge_0,src_edge_0,src_edge_1,full_src_edge_0,full_src_edge_1,dst_content_0,att_dst_edge_0,dst_edge_0,full_dst_edge_0,att_edge_0,edge_0,full_edge_0,bias_0
0,-0.11678409576416016,0.5577752590179443,1.0,-0.025188086554408073,-0.7033336758613586,-0.025188086554408073,-0.7033336758613586,,1.0,,,1.0,0.5709617733955383,0.5709617733955383,-0.38992106914520264
