,train_avg_pred-true,train_avg_MAE,val_avg_pred-true,val_avg_MAE
0,0.8060089619999999,1.0027047020000002,0.7152573400000002,0.8575021000000002
