,src_content_0,src_content_1,att_src_edge_0,src_edge_0,src_edge_1,full_src_edge_0,full_src_edge_1,dst_content_0,att_dst_edge_0,dst_edge_0,full_dst_edge_0,att_edge_0,edge_0,full_edge_0,bias_0
0,0.00926204863935709,0.20660287141799927,1.0,-0.029715226963162422,-0.022094734013080597,-0.029715226963162422,-0.022094734013080597,,1.0,,,1.0,0.559961199760437,0.559961199760437,
