,src_content_0,src_content_1,att_src_edge_0,src_edge_0,src_edge_1,full_src_edge_0,full_src_edge_1,dst_content_0,att_dst_edge_0,dst_edge_0,full_dst_edge_0,att_edge_0,edge_0,full_edge_0,bias_0
0,-1.1353243589401245,0.09410738945007324,1.0,0.29619142413139343,0.06596265733242035,0.29619142413139343,0.06596265733242035,,1.0,,,1.0,-0.10380618274211884,-0.10380618274211884,
