,src_content_0,src_content_1,att_src_edge_0,src_edge_0,src_edge_1,full_src_edge_0,full_src_edge_1,dst_content_0,att_dst_edge_0,dst_edge_0,full_dst_edge_0,att_edge_0,edge_0,full_edge_0,bias_0
0,1.3178757429122925,0.18740545213222504,1.0,0.037826795130968094,0.13964278995990753,0.037826795130968094,0.13964278995990753,,1.0,,,1.0,1.0,1.0,
