,src_content_0,src_content_1,att_src_edge_0,src_edge_0,src_edge_1,full_src_edge_0,full_src_edge_1,dst_content_0,att_dst_edge_0,dst_edge_0,full_dst_edge_0,att_edge_0,edge_0,full_edge_0,bias_0
0,0.17267438769340515,2.0261096954345703,1.0,-0.003849061205983162,-0.904189944267273,-0.003849061205983162,-0.904189944267273,,1.0,,,1.0,1.2310463190078735,1.2310463190078735,
