,src_content_0,src_content_1,att_src_edge_0,src_edge_0,src_edge_1,full_src_edge_0,full_src_edge_1,dst_content_0,att_dst_edge_0,dst_edge_0,full_dst_edge_0,att_edge_0,edge_0,full_edge_0,bias_0
0,0.39535561203956604,0.01947544515132904,1.0,-0.7617697715759277,0.4984550476074219,-0.7617697715759277,0.4984550476074219,,1.0,,,1.0,0.41105931997299194,0.41105931997299194,-0.9706791043281555
