,train_avg_pred-true,train_avg_MAE,val_avg_pred-true,val_avg_MAE
0,2.3368545249999997,2.3368545249999997,2.5486083,2.5486083
