,src_content_0,att_src_edge_0,src_edge_0,full_src_edge_0,dst_content_0,att_dst_edge_0,dst_edge_0,full_dst_edge_0,att_edge_0,edge_0,full_edge_0,bias_0
0,1.0,1.0,0.06641408056020737,0.06641408056020737,,1.0,,,1.0,1.1487950086593628,1.1487950086593628,-0.8697658777236938
