,param_0,param_1
0,-0.8483201374250607,2.699383328840643
