,param_0,param_1
0,-0.1293203657366659,0.6115241104423308
