,src_content_0,att_src_edge_0,src_edge_0,full_src_edge_0,dst_content_0,att_dst_edge_0,dst_edge_0,full_dst_edge_0,att_edge_0,edge_0,full_edge_0,bias_0
0,-0.5095401406288147,1.0,0.5098137259483337,0.5098137259483337,,1.0,,,1.0,0.4251343607902527,0.4251343607902527,0.0
