,src_content_0,src_content_1,att_src_edge_0,src_edge_0,src_edge_1,full_src_edge_0,full_src_edge_1,dst_content_0,att_dst_edge_0,dst_edge_0,full_dst_edge_0,att_edge_0,edge_0,full_edge_0,bias_0
0,-0.09988176077604294,2.128636598587036,1.0,-0.29900437593460083,-0.2060384601354599,-0.29900437593460083,-0.2060384601354599,,1.0,,,1.0,0.33532363176345825,0.33532363176345825,
