,src_content_0,att_src_edge_0,src_edge_0,full_src_edge_0,dst_content_0,att_dst_edge_0,dst_edge_0,full_dst_edge_0,att_edge_0,edge_0,full_edge_0,bias_0
0,-0.39164912700653076,1.0,0.17356520891189575,0.17356520891189575,,1.0,,,1.0,-0.0923420637845993,-0.0923420637845993,-1.2046221494674683
