,src_content_0,src_content_1,att_src_edge_0,src_edge_0,src_edge_1,full_src_edge_0,full_src_edge_1,dst_content_0,att_dst_edge_0,dst_edge_0,full_dst_edge_0,att_edge_0,edge_0,full_edge_0,bias_0
0,1.0,1.0,1.0,-1.069151759147644,-0.1348526030778885,-1.069151759147644,-0.1348526030778885,,1.0,,,1.0,0.8238411545753479,0.8238411545753479,-0.19018897414207458
