,param_0,param_1
0,-0.30211808992569034,1.004991528001081
