,src_content_0,att_src_edge_0,src_edge_0,full_src_edge_0,dst_content_0,att_dst_edge_0,dst_edge_0,full_dst_edge_0,att_edge_0,edge_0,full_edge_0,bias_0
0,1.070238709449768,1.0,-0.3368614912033081,-0.3368614912033081,,1.0,,,1.0,0.7023879885673523,0.7023879885673523,-0.36988091468811035
