,src_content_0,att_src_edge_0,src_edge_0,full_src_edge_0,dst_content_0,att_dst_edge_0,dst_edge_0,full_dst_edge_0,att_edge_0,edge_0,full_edge_0,bias_0
0,-0.8864789605140686,1.0,0.08274820446968079,0.08274820446968079,,1.0,,,1.0,1.5363061428070068,1.5363061428070068,0.7882552146911621
