,train_avg_pred-true,train_avg_MAE,val_avg_pred-true,val_avg_MAE
0,1.3799587083333333,1.4695240283333335,1.7177564333333333,1.7177564333333333
