,src_content_0,att_src_edge_0,src_edge_0,full_src_edge_0,dst_content_0,att_dst_edge_0,dst_edge_0,full_dst_edge_0,att_edge_0,edge_0,full_edge_0,bias_0
0,-0.28668051958084106,1.0,-1.1983481645584106,-1.1983481645584106,,1.0,,,1.0,0.9094234704971313,0.9094234704971313,-0.9117734432220459
