,src_content_0,att_src_edge_0,src_edge_0,full_src_edge_0,dst_content_0,att_dst_edge_0,dst_edge_0,full_dst_edge_0,att_edge_0,edge_0,full_edge_0,bias_0
0,0.5195552706718445,1.0,-1.7946199178695679,-1.7946199178695679,,1.0,,,1.0,0.23196080327033997,0.23196080327033997,-0.434665322303772
