,src_content_0,src_content_1,att_src_edge_0,src_edge_0,src_edge_1,full_src_edge_0,full_src_edge_1,dst_content_0,att_dst_edge_0,dst_edge_0,full_dst_edge_0,att_edge_0,edge_0,full_edge_0,bias_0
0,0.5967184901237488,0.07756535708904266,1.0,0.6858982443809509,0.0019332156516611576,0.6858982443809509,0.0019332156516611576,,1.0,,,1.0,0.054789721965789795,0.054789721965789795,-0.034734293818473816
