,train_avg_pred-true,train_avg_MAE,val_avg_pred-true,val_avg_MAE
0,1.0980947637,1.6138665177,1.281866813125,1.281866813125
