,src_content_0,att_src_edge_0,src_edge_0,full_src_edge_0,dst_content_0,att_dst_edge_0,dst_edge_0,full_dst_edge_0,att_edge_0,edge_0,full_edge_0,bias_0
0,0.7340710163116455,1.0,0.2390979528427124,0.2390979528427124,,1.0,,,1.0,0.1699017435312271,0.1699017435312271,-0.7851947546005249
