,src_content_0,att_src_edge_0,src_edge_0,full_src_edge_0,dst_content_0,att_dst_edge_0,dst_edge_0,full_dst_edge_0,att_edge_0,edge_0,full_edge_0,bias_0
0,0.2117745280265808,1.0,-0.6271755695343018,-0.6271755695343018,,1.0,,,1.0,-0.0879715085029602,-0.0879715085029602,-1.3267117738723755
