,src_content_0,src_content_1,att_src_edge_0,src_edge_0,src_edge_1,full_src_edge_0,full_src_edge_1,dst_content_0,att_dst_edge_0,dst_edge_0,full_dst_edge_0,att_edge_0,edge_0,full_edge_0,bias_0
0,0.6212035417556763,1.9609527587890625,1.0,0.39558911323547363,-2.0930378437042236,0.39558911323547363,-2.0930378437042236,,1.0,,,1.0,0.03543594479560852,0.03543594479560852,
