,src_content_0,src_content_1,att_src_edge_0,src_edge_0,src_edge_1,full_src_edge_0,full_src_edge_1,dst_content_0,att_dst_edge_0,dst_edge_0,full_dst_edge_0,att_edge_0,edge_0,full_edge_0,bias_0
0,-0.036822348833084106,-1.958053469657898,1.0,-1.6042237281799316,-1.2290798425674438,-1.6042237281799316,-1.2290798425674438,,1.0,,,1.0,-0.6107614040374756,-0.6107614040374756,
