,src_content_0,src_content_1,att_src_edge_0,src_edge_0,src_edge_1,full_src_edge_0,full_src_edge_1,dst_content_0,att_dst_edge_0,dst_edge_0,full_dst_edge_0,att_edge_0,edge_0,full_edge_0,bias_0
0,0.554882287979126,1.9749037027359009,1.0,0.02757711336016655,-1.4651727676391602,0.02757711336016655,-1.4651727676391602,,1.0,,,1.0,-0.38754311203956604,-0.38754311203956604,
