,src_content_0,src_content_1,att_src_edge_0,src_edge_0,src_edge_1,full_src_edge_0,full_src_edge_1,dst_content_0,att_dst_edge_0,dst_edge_0,full_dst_edge_0,att_edge_0,edge_0,full_edge_0,bias_0
0,-0.470018208026886,1.7722363471984863,1.0,-0.9974986910820007,-1.0064892768859863,-0.9974986910820007,-1.0064892768859863,,1.0,,,1.0,0.2629498839378357,0.2629498839378357,
