,src_content_0,att_src_edge_0,src_edge_0,full_src_edge_0,dst_content_0,att_dst_edge_0,dst_edge_0,full_dst_edge_0,att_edge_0,edge_0,full_edge_0,bias_0
0,1.0,1.0,-0.29218369722366333,-0.29218369722366333,,1.0,,,1.0,1.1731362342834473,1.1731362342834473,-0.3055837154388428
