,train_avg_pred-true,train_avg_MAE,val_avg_pred-true,val_avg_MAE
0,0.20167031900000007,0.31595011900000003,1.3007734000000002,1.3007734000000002
