,train_avg_pred-true,train_avg_MAE,val_avg_pred-true,val_avg_MAE
0,0.392502515,1.054997823,0.052709698800000024,0.8230046068
