,src_content_0,att_src_edge_0,src_edge_0,full_src_edge_0,dst_content_0,att_dst_edge_0,dst_edge_0,full_dst_edge_0,att_edge_0,edge_0,full_edge_0,bias_0
0,-0.33099162578582764,1.0,0.09246306121349335,0.09246306121349335,,1.0,,,1.0,0.015656448900699615,0.015656448900699615,-0.3729216754436493
