,src_content_0,src_content_1,att_src_edge_0,src_edge_0,src_edge_1,full_src_edge_0,full_src_edge_1,dst_content_0,att_dst_edge_0,dst_edge_0,full_dst_edge_0,att_edge_0,edge_0,full_edge_0,bias_0
0,1.0,1.0,1.0,-0.3739674985408783,-0.05785181373357773,-0.3739674985408783,-0.05785181373357773,,1.0,,,1.0,0.2533526122570038,0.2533526122570038,-1.0267597436904907
