,src_content_0,src_content_1,att_src_edge_0,src_edge_0,src_edge_1,full_src_edge_0,full_src_edge_1,dst_content_0,att_dst_edge_0,dst_edge_0,full_dst_edge_0,att_edge_0,edge_0,full_edge_0,bias_0
0,-0.23538577556610107,1.4540554285049438,1.0,-0.2755188047885895,-0.8188063502311707,-0.2755188047885895,-0.8188063502311707,,1.0,,,1.0,0.04194364324212074,0.04194364324212074,
