,src_content_0,src_content_1,att_src_edge_0,src_edge_0,src_edge_1,full_src_edge_0,full_src_edge_1,dst_content_0,att_dst_edge_0,dst_edge_0,full_dst_edge_0,att_edge_0,edge_0,full_edge_0,bias_0
0,0.7233355045318604,0.6525630950927734,1.0,0.1438688486814499,-1.5876293182373047,0.1438688486814499,-1.5876293182373047,,1.0,,,1.0,-0.27309101819992065,-0.27309101819992065,-0.6466692686080933
