,src_content_0,att_src_edge_0,src_edge_0,full_src_edge_0,dst_content_0,att_dst_edge_0,dst_edge_0,full_dst_edge_0,att_edge_0,edge_0,full_edge_0,bias_0
0,-1.3183321952819824,1.0,0.8319414854049683,0.8319414854049683,,1.0,,,1.0,0.9727463126182556,0.9727463126182556,0.0
