,src_content_0,att_src_edge_0,src_edge_0,full_src_edge_0,dst_content_0,att_dst_edge_0,dst_edge_0,full_dst_edge_0,att_edge_0,edge_0,full_edge_0,bias_0
0,0.5294573307037354,1.0,-1.556949257850647,-1.556949257850647,,1.0,,,1.0,0.5647152662277222,0.5647152662277222,-0.4860564172267914
