,src_content_0,att_src_edge_0,src_edge_0,full_src_edge_0,dst_content_0,att_dst_edge_0,dst_edge_0,full_dst_edge_0,att_edge_0,edge_0,full_edge_0,bias_0
0,0.5191456079483032,1.0,0.7682946920394897,0.7682946920394897,,1.0,,,1.0,-0.23399491608142853,-0.23399491608142853,0.0
