,src_content_0,att_src_edge_0,src_edge_0,full_src_edge_0,dst_content_0,att_dst_edge_0,dst_edge_0,full_dst_edge_0,att_edge_0,edge_0,full_edge_0,bias_0
0,1.0,1.0,-0.013155537657439709,-0.013155537657439709,,1.0,,,1.0,0.24060477316379547,0.24060477316379547,-0.6536840200424194
