,train_avg_pred-true,train_avg_MAE,val_avg_pred-true,val_avg_MAE
0,0.8033200500000001,0.8033200500000001,1.211702402,1.211702402
