,src_content_0,att_src_edge_0,src_edge_0,full_src_edge_0,dst_content_0,att_dst_edge_0,dst_edge_0,full_dst_edge_0,att_edge_0,edge_0,full_edge_0,bias_0
0,-0.7265321612358093,1.0,0.20169995725154877,0.20169995725154877,,1.0,,,1.0,-0.05266718193888664,-0.05266718193888664,-0.5318132638931274
