,param_0,param_1
0,2.303255744322357,2.7375190024633005
