,src_content_0,src_content_1,att_src_edge_0,src_edge_0,src_edge_1,full_src_edge_0,full_src_edge_1,dst_content_0,att_dst_edge_0,dst_edge_0,full_dst_edge_0,att_edge_0,edge_0,full_edge_0,bias_0
0,1.0,1.0,1.0,-0.6618034243583679,-0.9585440158843994,-0.6618034243583679,-0.9585440158843994,,1.0,,,1.0,0.6920660734176636,0.6920660734176636,-0.8402288556098938
