,src_content_0,att_src_edge_0,src_edge_0,full_src_edge_0,dst_content_0,att_dst_edge_0,dst_edge_0,full_dst_edge_0,att_edge_0,edge_0,full_edge_0,bias_0
0,-0.14902055263519287,1.0,-1.145248293876648,-1.145248293876648,,1.0,,,1.0,-0.08509204536676407,-0.08509204536676407,-0.22417236864566803
