,src_content_0,src_content_1,att_src_edge_0,src_edge_0,src_edge_1,full_src_edge_0,full_src_edge_1,dst_content_0,att_dst_edge_0,dst_edge_0,full_dst_edge_0,att_edge_0,edge_0,full_edge_0,bias_0
0,-1.2404189109802246,-0.2208971381187439,1.0,1.4342091083526611,0.15244832634925842,1.4342091083526611,0.15244832634925842,,1.0,,,1.0,0.04796453192830086,0.04796453192830086,
