,train_avg_pred-true,train_avg_MAE,val_avg_pred-true,val_avg_MAE
0,1.1510331925,1.6138665225,0.4507330949999999,0.626186235
