,src_content_0,att_src_edge_0,src_edge_0,full_src_edge_0,dst_content_0,att_dst_edge_0,dst_edge_0,full_dst_edge_0,att_edge_0,edge_0,full_edge_0,bias_0
0,0.2855242192745209,1.0,-1.4117540121078491,-1.4117540121078491,,1.0,,,1.0,0.6111710667610168,0.6111710667610168,-0.1424037218093872
