,src_content_0,src_content_1,att_src_edge_0,src_edge_0,src_edge_1,full_src_edge_0,full_src_edge_1,dst_content_0,att_dst_edge_0,dst_edge_0,full_dst_edge_0,att_edge_0,edge_0,full_edge_0,bias_0
0,-0.9919047355651855,0.2620607018470764,1.0,0.9117876887321472,0.0254460871219635,0.9117876887321472,0.0254460871219635,,1.0,,,1.0,0.00808126013725996,0.00808126013725996,
