,src_content_0,att_src_edge_0,src_edge_0,full_src_edge_0,dst_content_0,att_dst_edge_0,dst_edge_0,full_dst_edge_0,att_edge_0,edge_0,full_edge_0,bias_0
0,1.0,1.0,-0.2408667504787445,-0.2408667504787445,,1.0,,,1.0,0.007754506543278694,0.007754506543278694,-0.6098500490188599
