,src_content_0,src_content_1,att_src_edge_0,src_edge_0,src_edge_1,full_src_edge_0,full_src_edge_1,dst_content_0,att_dst_edge_0,dst_edge_0,full_dst_edge_0,att_edge_0,edge_0,full_edge_0,bias_0
0,1.0,1.0,1.0,-0.12842470407485962,0.0758841261267662,-0.12842470407485962,0.0758841261267662,,1.0,,,1.0,0.32623061537742615,0.32623061537742615,-0.5564773082733154
