,src_content_0,att_src_edge_0,src_edge_0,full_src_edge_0,dst_content_0,att_dst_edge_0,dst_edge_0,full_dst_edge_0,att_edge_0,edge_0,full_edge_0,bias_0
0,-0.9125810861587524,1.0,0.43070685863494873,0.43070685863494873,,1.0,,,1.0,-0.7613435983657837,-0.7613435983657837,-0.5117496848106384
