,src_content_0,src_content_1,att_src_edge_0,src_edge_0,src_edge_1,full_src_edge_0,full_src_edge_1,dst_content_0,att_dst_edge_0,dst_edge_0,full_dst_edge_0,att_edge_0,edge_0,full_edge_0,bias_0
0,-0.6441169381141663,0.08213672786951065,1.0,0.19903941452503204,0.03633009269833565,0.19903941452503204,0.03633009269833565,,1.0,,,1.0,-0.08130903542041779,-0.08130903542041779,
