,src_content_0,att_src_edge_0,src_edge_0,full_src_edge_0,dst_content_0,att_dst_edge_0,dst_edge_0,full_dst_edge_0,att_edge_0,edge_0,full_edge_0,bias_0
0,1.0,1.0,0.017133144661784172,0.017133144661784172,,1.0,,,1.0,0.17616884410381317,0.17616884410381317,0.00011600761354202405
