,train_avg_pred-true,train_avg_MAE,val_avg_pred-true,val_avg_MAE
0,0.9541525854656613,1.0121327954656614,0.39073615349999996,1.1671668064999998
