,src_content_0,att_src_edge_0,src_edge_0,full_src_edge_0,dst_content_0,att_dst_edge_0,dst_edge_0,full_dst_edge_0,att_edge_0,edge_0,full_edge_0,bias_0
0,1.488642692565918,1.0,-0.7487937211990356,-0.7487937211990356,,1.0,,,1.0,0.14108236134052277,0.14108236134052277,-0.23412182927131653
