,src_content_0,att_src_edge_0,src_edge_0,full_src_edge_0,dst_content_0,att_dst_edge_0,dst_edge_0,full_dst_edge_0,att_edge_0,edge_0,full_edge_0,bias_0
0,0.41186124086380005,1.0,-0.27056068181991577,-0.27056068181991577,,1.0,,,1.0,-1.5858309268951416,-1.5858309268951416,0.0
