,src_content_0,att_src_edge_0,src_edge_0,full_src_edge_0,dst_content_0,att_dst_edge_0,dst_edge_0,full_dst_edge_0,att_edge_0,edge_0,full_edge_0,bias_0
0,0.3863118886947632,1.0,0.42500633001327515,0.42500633001327515,,1.0,,,1.0,0.02206416428089142,0.02206416428089142,0.309323787689209
