,train_avg_pred-true,train_avg_MAE,val_avg_pred-true,val_avg_MAE
0,0.3509063009999999,0.453758153,0.3115805992,0.3539313672
