,src_content_0,src_content_1,att_src_edge_0,src_edge_0,src_edge_1,full_src_edge_0,full_src_edge_1,dst_content_0,att_dst_edge_0,dst_edge_0,full_dst_edge_0,att_edge_0,edge_0,full_edge_0,bias_0
0,1.0,1.0,1.0,0.020453086122870445,-0.6875774264335632,0.020453086122870445,-0.6875774264335632,,1.0,,,1.0,1.1900018453598022,1.1900018453598022,-0.7037914991378784
