,train_avg_pred-true,train_avg_MAE,val_avg_pred-true,val_avg_MAE
0,0.5571141855000001,1.2553975794999999,0.9344056653333334,1.115908928
