,src_content_0,src_content_1,att_src_edge_0,src_edge_0,src_edge_1,full_src_edge_0,full_src_edge_1,dst_content_0,att_dst_edge_0,dst_edge_0,full_dst_edge_0,att_edge_0,edge_0,full_edge_0,bias_0
0,-1.3261345624923706,0.13661791384220123,1.0,0.6530953645706177,0.15261122584342957,0.6530953645706177,0.15261122584342957,,1.0,,,1.0,0.3312956392765045,0.3312956392765045,
