,src_content_0,att_src_edge_0,src_edge_0,full_src_edge_0,dst_content_0,att_dst_edge_0,dst_edge_0,full_dst_edge_0,att_edge_0,edge_0,full_edge_0,bias_0
0,0.44939929246902466,1.0,-0.8619121313095093,-0.8619121313095093,,1.0,,,1.0,0.9404104351997375,0.9404104351997375,-0.8541429042816162
