,src_content_0,src_content_1,att_src_edge_0,src_edge_0,src_edge_1,full_src_edge_0,full_src_edge_1,dst_content_0,att_dst_edge_0,dst_edge_0,full_dst_edge_0,att_edge_0,edge_0,full_edge_0,bias_0
0,0.11391177028417587,1.0109041929244995,1.0,-1.081491470336914,-0.4186308979988098,-1.081491470336914,-0.4186308979988098,,1.0,,,1.0,1.0009369850158691,1.0009369850158691,-0.5829128623008728
