,src_content_0,att_src_edge_0,src_edge_0,full_src_edge_0,dst_content_0,att_dst_edge_0,dst_edge_0,full_dst_edge_0,att_edge_0,edge_0,full_edge_0,bias_0
0,1.0,1.0,-0.35412415862083435,-0.35412415862083435,,1.0,,,1.0,0.3950207531452179,0.3950207531452179,-0.7074885368347168
