,src_content_0,src_content_1,att_src_edge_0,src_edge_0,src_edge_1,full_src_edge_0,full_src_edge_1,dst_content_0,att_dst_edge_0,dst_edge_0,full_dst_edge_0,att_edge_0,edge_0,full_edge_0,bias_0
0,-1.0209163427352905,0.5685657858848572,1.0,-0.9194833636283875,0.2970799207687378,-0.9194833636283875,0.2970799207687378,,1.0,,,1.0,0.15526162087917328,0.15526162087917328,0.37015172839164734
