,train_avg_pred-true,train_avg_MAE,val_avg_pred-true,val_avg_MAE
0,0.9629756346666666,1.1545624346666667,2.25366554,2.25366554
