,src_content_0,src_content_1,att_src_edge_0,src_edge_0,src_edge_1,full_src_edge_0,full_src_edge_1,dst_content_0,att_dst_edge_0,dst_edge_0,full_dst_edge_0,att_edge_0,edge_0,full_edge_0,bias_0
0,-0.3972490727901459,-0.47063109278678894,1.0,0.45769158005714417,0.7397513389587402,0.45769158005714417,0.7397513389587402,,1.0,,,1.0,0.5604848861694336,0.5604848861694336,
