,src_content_0,src_content_1,att_src_edge_0,src_edge_0,src_edge_1,full_src_edge_0,full_src_edge_1,dst_content_0,att_dst_edge_0,dst_edge_0,full_dst_edge_0,att_edge_0,edge_0,full_edge_0,bias_0
0,-0.3835354745388031,0.00038173748180270195,1.0,0.09330535680055618,0.13329745829105377,0.09330535680055618,0.13329745829105377,,1.0,,,1.0,-0.1139538362622261,-0.1139538362622261,-0.9876638650894165
