,src_content_0,src_content_1,att_src_edge_0,src_edge_0,src_edge_1,full_src_edge_0,full_src_edge_1,dst_content_0,att_dst_edge_0,dst_edge_0,full_dst_edge_0,att_edge_0,edge_0,full_edge_0,bias_0
0,1.0,1.0,1.0,-0.35376453399658203,-0.2879194915294647,-0.35376453399658203,-0.2879194915294647,,1.0,,,1.0,0.523555338382721,0.523555338382721,-0.813437283039093
