,src_content_0,src_content_1,att_src_edge_0,src_edge_0,src_edge_1,full_src_edge_0,full_src_edge_1,dst_content_0,att_dst_edge_0,dst_edge_0,full_dst_edge_0,att_edge_0,edge_0,full_edge_0,bias_0
0,1.0,1.0,1.0,-1.005912184715271,-0.15846554934978485,-1.005912184715271,-0.15846554934978485,,1.0,,,1.0,0.7160294651985168,0.7160294651985168,-0.4207446575164795
