,src_content_0,att_src_edge_0,src_edge_0,full_src_edge_0,dst_content_0,att_dst_edge_0,dst_edge_0,full_dst_edge_0,att_edge_0,edge_0,full_edge_0,bias_0
0,0.8756937384605408,1.0,-0.8606060147285461,-0.8606060147285461,,1.0,,,1.0,0.9712761640548706,0.9712761640548706,-0.48802244663238525
