,train_avg_pred-true,train_avg_MAE,val_avg_pred-true,val_avg_MAE
0,0.30034468457142854,0.866462006,1.6032788273333332,1.6032788273333332
