,src_content_0,src_content_1,att_src_edge_0,src_edge_0,src_edge_1,full_src_edge_0,full_src_edge_1,dst_content_0,att_dst_edge_0,dst_edge_0,full_dst_edge_0,att_edge_0,edge_0,full_edge_0,bias_0
0,-0.2776222825050354,0.03343337029218674,1.0,0.00028696886147372425,0.015577980317175388,0.00028696886147372425,0.015577980317175388,,1.0,,,1.0,-0.04174133390188217,-0.04174133390188217,-0.19253528118133545
