,param_0,param_1
0,0.02065319251531576,1.0430922124767028
