,param_0,param_1
0,-1.5676046997392543,4.029076839550866
