,param_0,param_1
0,0.6470094430967189,-0.32511449519699487
