,param_0,param_1
0,1.299486394275564,2.1142544220611095
