,param_0,param_1
0,-0.06478338879505656,1.2590207303527143
