,src_content_0,att_src_edge_0,src_edge_0,full_src_edge_0,dst_content_0,att_dst_edge_0,dst_edge_0,full_dst_edge_0,att_edge_0,edge_0,full_edge_0,bias_0
0,1.22124445438385,1.0,-0.8319556713104248,-0.8319556713104248,,1.0,,,1.0,0.47660893201828003,0.47660893201828003,-0.7058005928993225
