,src_content_0,att_src_edge_0,src_edge_0,full_src_edge_0,dst_content_0,att_dst_edge_0,dst_edge_0,full_dst_edge_0,att_edge_0,edge_0,full_edge_0,bias_0
0,1.195465326309204,1.0,-1.1821361780166626,-1.1821361780166626,,1.0,,,1.0,0.6968173980712891,0.6968173980712891,-0.22316506505012512
