,src_content_0,att_src_edge_0,src_edge_0,full_src_edge_0,dst_content_0,att_dst_edge_0,dst_edge_0,full_dst_edge_0,att_edge_0,edge_0,full_edge_0,bias_0
0,1.2374377250671387,1.0,-1.0125726461410522,-1.0125726461410522,,1.0,,,1.0,0.0023824148811399937,0.0023824148811399937,-0.2285100668668747
