,src_content_0,src_content_1,att_src_edge_0,src_edge_0,src_edge_1,full_src_edge_0,full_src_edge_1,dst_content_0,att_dst_edge_0,dst_edge_0,full_dst_edge_0,att_edge_0,edge_0,full_edge_0,bias_0
0,-0.6599250435829163,1.1442464590072632,1.0,0.12531478703022003,-0.7489319443702698,0.12531478703022003,-0.7489319443702698,,1.0,,,1.0,0.3860728442668915,0.3860728442668915,
