,src_content_0,src_content_1,att_src_edge_0,src_edge_0,src_edge_1,full_src_edge_0,full_src_edge_1,dst_content_0,att_dst_edge_0,dst_edge_0,full_dst_edge_0,att_edge_0,edge_0,full_edge_0,bias_0
0,1.0,1.0,1.0,-0.2661712169647217,-0.3573037385940552,-0.2661712169647217,-0.3573037385940552,,1.0,,,1.0,-0.0034579839557409286,-0.0034579839557409286,-1.187247633934021
