,src_content_0,src_content_1,att_src_edge_0,src_edge_0,src_edge_1,full_src_edge_0,full_src_edge_1,dst_content_0,att_dst_edge_0,dst_edge_0,full_dst_edge_0,att_edge_0,edge_0,full_edge_0,bias_0
0,-0.024111416190862656,0.9317443370819092,1.0,0.21784301102161407,-1.0532913208007812,0.21784301102161407,-1.0532913208007812,,1.0,,,1.0,-0.08197267353534698,-0.08197267353534698,-0.7783418297767639
