,train_avg_pred-true,train_avg_MAE,val_avg_pred-true,val_avg_MAE
0,0.29645533133333335,0.550559898,0.11495207299999999,0.11495207299999999
