,src_content_0,src_content_1,att_src_edge_0,src_edge_0,src_edge_1,full_src_edge_0,full_src_edge_1,dst_content_0,att_dst_edge_0,dst_edge_0,full_dst_edge_0,att_edge_0,edge_0,full_edge_0,bias_0
0,0.24337956309318542,0.9197536110877991,1.0,-0.3255753517150879,-0.5320590138435364,-0.3255753517150879,-0.5320590138435364,,1.0,,,1.0,0.44593551754951477,0.44593551754951477,-0.9048062562942505
