,src_content_0,att_src_edge_0,src_edge_0,full_src_edge_0,dst_content_0,att_dst_edge_0,dst_edge_0,full_dst_edge_0,att_edge_0,edge_0,full_edge_0,bias_0
0,-0.046403706073760986,1.0,-0.9153438806533813,-0.9153438806533813,,1.0,,,1.0,0.3212912380695343,0.3212912380695343,-0.5384397506713867
