,src_content_0,src_content_1,att_src_edge_0,src_edge_0,src_edge_1,full_src_edge_0,full_src_edge_1,dst_content_0,att_dst_edge_0,dst_edge_0,full_dst_edge_0,att_edge_0,edge_0,full_edge_0,bias_0
0,1.0,1.0,1.0,0.33975160121917725,-0.7510243058204651,0.33975160121917725,-0.7510243058204651,,1.0,,,1.0,-0.050792016088962555,-0.050792016088962555,-0.8882157802581787
