,src_content_0,att_src_edge_0,src_edge_0,full_src_edge_0,dst_content_0,att_dst_edge_0,dst_edge_0,full_dst_edge_0,att_edge_0,edge_0,full_edge_0,bias_0
0,-0.6844787001609802,1.0,0.8286617994308472,0.8286617994308472,,1.0,,,1.0,0.8488060832023621,0.8488060832023621,0.0
