,src_content_0,att_src_edge_0,src_edge_0,full_src_edge_0,dst_content_0,att_dst_edge_0,dst_edge_0,full_dst_edge_0,att_edge_0,edge_0,full_edge_0,bias_0
0,-0.09091102331876755,1.0,0.9090682864189148,0.9090682864189148,,1.0,,,1.0,0.5016226768493652,0.5016226768493652,-0.22006018459796906
