,src_content_0,src_content_1,att_src_edge_0,src_edge_0,src_edge_1,full_src_edge_0,full_src_edge_1,dst_content_0,att_dst_edge_0,dst_edge_0,full_dst_edge_0,att_edge_0,edge_0,full_edge_0,bias_0
0,-0.7594816088676453,-0.2546232044696808,1.0,-0.18312476575374603,0.149122953414917,-0.18312476575374603,0.149122953414917,,1.0,,,1.0,-0.2676655948162079,-0.2676655948162079,-0.2691333293914795
