,train_avg_pred-true,train_avg_MAE,val_avg_pred-true,val_avg_MAE
0,0.47850860545454554,0.47850860545454554,0.508209134,0.5445097860000001
