,src_content_0,att_src_edge_0,src_edge_0,full_src_edge_0,dst_content_0,att_dst_edge_0,dst_edge_0,full_dst_edge_0,att_edge_0,edge_0,full_edge_0,bias_0
0,-1.1857630014419556,1.0,0.07395370304584503,0.07395370304584503,,1.0,,,1.0,-0.24679572880268097,-0.24679572880268097,0.0
