,src_content_0,src_content_1,att_src_edge_0,src_edge_0,src_edge_1,full_src_edge_0,full_src_edge_1,dst_content_0,att_dst_edge_0,dst_edge_0,full_dst_edge_0,att_edge_0,edge_0,full_edge_0,bias_0
0,-0.19914457201957703,0.505112886428833,1.0,-0.7414543628692627,-0.19113513827323914,-0.7414543628692627,-0.19113513827323914,,1.0,,,1.0,0.6241469383239746,0.6241469383239746,0.0169772170484066
