,src_content_0,src_content_1,att_src_edge_0,src_edge_0,src_edge_1,full_src_edge_0,full_src_edge_1,dst_content_0,att_dst_edge_0,dst_edge_0,full_dst_edge_0,att_edge_0,edge_0,full_edge_0,bias_0
0,-0.11951614916324615,0.010886565782129765,1.0,0.3535170257091522,0.06464989483356476,0.3535170257091522,0.06464989483356476,,1.0,,,1.0,0.0678405910730362,0.0678405910730362,
