,src_content_0,src_content_1,att_src_edge_0,src_edge_0,src_edge_1,full_src_edge_0,full_src_edge_1,dst_content_0,att_dst_edge_0,dst_edge_0,full_dst_edge_0,att_edge_0,edge_0,full_edge_0,bias_0
0,0.9703241586685181,0.6843867301940918,1.0,-0.8487882614135742,0.06590955704450607,-0.8487882614135742,0.06590955704450607,,1.0,,,1.0,0.5663467645645142,0.5663467645645142,-0.13043834269046783
