,src_content_0,src_content_1,att_src_edge_0,src_edge_0,src_edge_1,full_src_edge_0,full_src_edge_1,dst_content_0,att_dst_edge_0,dst_edge_0,full_dst_edge_0,att_edge_0,edge_0,full_edge_0,bias_0
0,-1.7871971130371094,0.2551743984222412,1.0,0.9354454874992371,0.3129049837589264,0.9354454874992371,0.3129049837589264,,1.0,,,1.0,0.0031380022410303354,0.0031380022410303354,
