,src_content_0,att_src_edge_0,src_edge_0,full_src_edge_0,dst_content_0,att_dst_edge_0,dst_edge_0,full_dst_edge_0,att_edge_0,edge_0,full_edge_0,bias_0
0,0.9606260061264038,1.0,-1.4876229763031006,-1.4876229763031006,,1.0,,,1.0,-0.835500955581665,-0.835500955581665,-0.08384082466363907
