,src_content_0,att_src_edge_0,src_edge_0,full_src_edge_0,dst_content_0,att_dst_edge_0,dst_edge_0,full_dst_edge_0,att_edge_0,edge_0,full_edge_0,bias_0
0,-0.7718020677566528,1.0,0.28764280676841736,0.28764280676841736,,1.0,,,1.0,-0.06263049691915512,-0.06263049691915512,-0.952731192111969
