,src_content_0,src_content_1,att_src_edge_0,src_edge_0,src_edge_1,full_src_edge_0,full_src_edge_1,dst_content_0,att_dst_edge_0,dst_edge_0,full_dst_edge_0,att_edge_0,edge_0,full_edge_0,bias_0
0,-0.36621201038360596,1.1101173162460327,1.0,-0.7852076888084412,0.21567247807979584,-0.7852076888084412,0.21567247807979584,,1.0,,,1.0,0.550956666469574,0.550956666469574,
