,src_content_0,att_src_edge_0,src_edge_0,full_src_edge_0,dst_content_0,att_dst_edge_0,dst_edge_0,full_dst_edge_0,att_edge_0,edge_0,full_edge_0,bias_0
0,0.39834198355674744,1.0,-0.36616674065589905,-0.36616674065589905,,1.0,,,1.0,-1.1193774938583374,-1.1193774938583374,0.0
