,src_content_0,att_src_edge_0,src_edge_0,full_src_edge_0,dst_content_0,att_dst_edge_0,dst_edge_0,full_dst_edge_0,att_edge_0,edge_0,full_edge_0,bias_0
0,-0.016768207773566246,1.0,-0.7198905944824219,-0.7198905944824219,,1.0,,,1.0,0.2609311640262604,0.2609311640262604,-0.008061032742261887
