,src_content_0,att_src_edge_0,src_edge_0,full_src_edge_0,dst_content_0,att_dst_edge_0,dst_edge_0,full_dst_edge_0,att_edge_0,edge_0,full_edge_0,bias_0
0,-0.5561959147453308,1.0,-1.799649953842163,-1.799649953842163,,1.0,,,1.0,0.4905330240726471,0.4905330240726471,0.6154584288597107
