,src_content_0,att_src_edge_0,src_edge_0,full_src_edge_0,dst_content_0,att_dst_edge_0,dst_edge_0,full_dst_edge_0,att_edge_0,edge_0,full_edge_0,bias_0
0,0.3476818799972534,1.0,0.10706771165132523,0.10706771165132523,,1.0,,,1.0,0.024675661697983742,0.024675661697983742,-0.6504641771316528
