,src_content_0,src_content_1,att_src_edge_0,src_edge_0,src_edge_1,full_src_edge_0,full_src_edge_1,dst_content_0,att_dst_edge_0,dst_edge_0,full_dst_edge_0,att_edge_0,edge_0,full_edge_0,bias_0
0,2.5293235778808594,2.434091091156006,1.0,0.4789539575576782,-1.505934715270996,0.4789539575576782,-1.505934715270996,,1.0,,,1.0,3.345579147338867,3.345579147338867,-0.36799830198287964
