,param_0,param_1
0,0.695407518147245,2.7906962925164143
