,param_0,param_1
0,0.021896381031455536,2.068208240782706
