,src_content_0,src_content_1,att_src_edge_0,src_edge_0,src_edge_1,full_src_edge_0,full_src_edge_1,dst_content_0,att_dst_edge_0,dst_edge_0,full_dst_edge_0,att_edge_0,edge_0,full_edge_0,bias_0
0,1.0,1.0,1.0,-1.2605094909667969,-1.241695761680603,-1.2605094909667969,-1.241695761680603,,1.0,,,1.0,0.5734601616859436,0.5734601616859436,-0.34651511907577515
