,src_content_0,src_content_1,att_src_edge_0,src_edge_0,src_edge_1,full_src_edge_0,full_src_edge_1,dst_content_0,att_dst_edge_0,dst_edge_0,full_dst_edge_0,att_edge_0,edge_0,full_edge_0,bias_0
0,1.0,1.0,1.0,-0.31697526574134827,-0.5763107538223267,-0.31697526574134827,-0.5763107538223267,,1.0,,,1.0,0.13550518453121185,0.13550518453121185,-1.1620501279830933
