,src_content_0,att_src_edge_0,src_edge_0,full_src_edge_0,dst_content_0,att_dst_edge_0,dst_edge_0,full_dst_edge_0,att_edge_0,edge_0,full_edge_0,bias_0
0,0.26429328322410583,1.0,-0.1370074599981308,-0.1370074599981308,,1.0,,,1.0,0.09173253923654556,0.09173253923654556,-0.7833580374717712
