,src_content_0,att_src_edge_0,src_edge_0,full_src_edge_0,dst_content_0,att_dst_edge_0,dst_edge_0,full_dst_edge_0,att_edge_0,edge_0,full_edge_0,bias_0
0,-0.3429751992225647,1.0,-1.0308011770248413,-1.0308011770248413,,1.0,,,1.0,-0.09827698767185211,-0.09827698767185211,-0.2698812484741211
