,src_content_0,att_src_edge_0,src_edge_0,full_src_edge_0,dst_content_0,att_dst_edge_0,dst_edge_0,full_dst_edge_0,att_edge_0,edge_0,full_edge_0,bias_0
0,0.03229285776615143,1.0,1.3534247875213623,1.3534247875213623,,1.0,,,1.0,0.3343585729598999,0.3343585729598999,-0.31071773171424866
