,src_content_0,att_src_edge_0,src_edge_0,full_src_edge_0,dst_content_0,att_dst_edge_0,dst_edge_0,full_dst_edge_0,att_edge_0,edge_0,full_edge_0,bias_0
0,-0.7144812345504761,1.0,0.43420228362083435,0.43420228362083435,,1.0,,,1.0,0.01008570846170187,0.01008570846170187,-0.8210844993591309
