,src_content_0,att_src_edge_0,src_edge_0,full_src_edge_0,dst_content_0,att_dst_edge_0,dst_edge_0,full_dst_edge_0,att_edge_0,edge_0,full_edge_0,bias_0
0,-0.7103303074836731,1.0,-0.6447569727897644,-0.6447569727897644,,1.0,,,1.0,0.600456953048706,0.600456953048706,-0.34427109360694885
