,src_content_0,src_content_1,att_src_edge_0,src_edge_0,src_edge_1,full_src_edge_0,full_src_edge_1,dst_content_0,att_dst_edge_0,dst_edge_0,full_dst_edge_0,att_edge_0,edge_0,full_edge_0,bias_0
0,0.09264567494392395,0.001985088922083378,1.0,0.8841289281845093,0.7199485301971436,0.8841289281845093,0.7199485301971436,,1.0,,,1.0,0.5477465391159058,0.5477465391159058,
