,train_avg_pred-true,train_avg_MAE,val_avg_pred-true,val_avg_MAE
0,0.6239174674285713,0.8340507095714286,0.5684581406666666,0.6377823026666666
