,train_avg_pred-true,train_avg_MAE,val_avg_pred-true,val_avg_MAE
0,0.6957625100000001,1.0890195900000001,0.4134241,0.64534494
