,train_avg_pred-true,train_avg_MAE,val_avg_pred-true,val_avg_MAE
0,0.18570140263333335,1.1424268551444445,0.8111145049999999,1.3017992550000002
