,param_0,param_1
0,0.045447339083815715,0.42968996167537077
