,param_0,param_1
0,-0.09134044473068365,1.124086447030705
