,param_0,param_1
0,-0.04970903341796708,1.2394859890120498
