,src_content_0,att_src_edge_0,src_edge_0,full_src_edge_0,dst_content_0,att_dst_edge_0,dst_edge_0,full_dst_edge_0,att_edge_0,edge_0,full_edge_0,bias_0
0,0.3227902352809906,1.0,-1.4128769636154175,-1.4128769636154175,,1.0,,,1.0,-0.7991558909416199,-0.7991558909416199,-0.8150505423545837
