,src_content_0,att_src_edge_0,src_edge_0,full_src_edge_0,dst_content_0,att_dst_edge_0,dst_edge_0,full_dst_edge_0,att_edge_0,edge_0,full_edge_0,bias_0
0,0.2822988033294678,1.0,-0.03662829473614693,-0.03662829473614693,,1.0,,,1.0,0.42650970816612244,0.42650970816612244,-0.8607461452484131
