,src_content_0,att_src_edge_0,src_edge_0,full_src_edge_0,dst_content_0,att_dst_edge_0,dst_edge_0,full_dst_edge_0,att_edge_0,edge_0,full_edge_0,bias_0
0,0.8612175583839417,1.0,1.0169360637664795,1.0169360637664795,,1.0,,,1.0,0.3103364109992981,0.3103364109992981,-1.533535122871399
