,src_content_0,att_src_edge_0,src_edge_0,full_src_edge_0,dst_content_0,att_dst_edge_0,dst_edge_0,full_dst_edge_0,att_edge_0,edge_0,full_edge_0,bias_0
0,0.6238131523132324,1.0,1.3984233140945435,1.3984233140945435,,1.0,,,1.0,0.5395104289054871,0.5395104289054871,0.0
