,src_content_0,att_src_edge_0,src_edge_0,full_src_edge_0,dst_content_0,att_dst_edge_0,dst_edge_0,full_dst_edge_0,att_edge_0,edge_0,full_edge_0,bias_0
0,0.44923657178878784,1.0,-0.5268799066543579,-0.5268799066543579,,1.0,,,1.0,-0.3364540636539459,-0.3364540636539459,-1.1176044940948486
