,src_content_0,src_content_1,att_src_edge_0,src_edge_0,src_edge_1,full_src_edge_0,full_src_edge_1,dst_content_0,att_dst_edge_0,dst_edge_0,full_dst_edge_0,att_edge_0,edge_0,full_edge_0,bias_0
0,0.3754741847515106,-0.043659012764692307,1.0,0.00907745398581028,0.014294545166194439,0.00907745398581028,0.014294545166194439,,1.0,,,1.0,0.0020624909084290266,0.0020624909084290266,0.5898076891899109
