,param_0,param_1
0,0.15913171571008988,1.1514690915205037
