,src_content_0,src_content_1,att_src_edge_0,src_edge_0,src_edge_1,full_src_edge_0,full_src_edge_1,dst_content_0,att_dst_edge_0,dst_edge_0,full_dst_edge_0,att_edge_0,edge_0,full_edge_0,bias_0
0,1.0,1.0,1.0,-0.29002290964126587,-0.30613619089126587,-0.29002290964126587,-0.30613619089126587,,1.0,,,1.0,-0.0039001458790153265,-0.0039001458790153265,-1.0048922300338745
