,src_content_0,src_content_1,att_src_edge_0,src_edge_0,src_edge_1,full_src_edge_0,full_src_edge_1,dst_content_0,att_dst_edge_0,dst_edge_0,full_dst_edge_0,att_edge_0,edge_0,full_edge_0,bias_0
0,0.002706665312871337,0.4475846588611603,1.0,-1.0076276063919067,0.056382011622190475,-1.0076276063919067,0.056382011622190475,,1.0,,,1.0,0.1505853682756424,0.1505853682756424,-0.7354225516319275
