,src_content_0,src_content_1,att_src_edge_0,src_edge_0,src_edge_1,full_src_edge_0,full_src_edge_1,dst_content_0,att_dst_edge_0,dst_edge_0,full_dst_edge_0,att_edge_0,edge_0,full_edge_0,bias_0
0,-1.0618735551834106,0.4167722165584564,1.0,-0.1619473397731781,-1.0919328927993774,-0.1619473397731781,-1.0919328927993774,,1.0,,,1.0,0.5121105909347534,0.5121105909347534,
