,src_content_0,src_content_1,att_src_edge_0,src_edge_0,src_edge_1,full_src_edge_0,full_src_edge_1,dst_content_0,att_dst_edge_0,dst_edge_0,full_dst_edge_0,att_edge_0,edge_0,full_edge_0,bias_0
0,-0.6688809990882874,-1.1098592281341553,1.0,0.2131597250699997,-0.4999632239341736,0.2131597250699997,-0.4999632239341736,,1.0,,,1.0,0.5682380199432373,0.5682380199432373,0.2325068861246109
