,src_content_0,att_src_edge_0,src_edge_0,full_src_edge_0,dst_content_0,att_dst_edge_0,dst_edge_0,full_dst_edge_0,att_edge_0,edge_0,full_edge_0,bias_0
0,-0.41634401679039,1.0,-1.3018569946289062,-1.3018569946289062,,1.0,,,1.0,0.061511971056461334,0.061511971056461334,-0.06569778174161911
