,src_content_0,src_content_1,att_src_edge_0,src_edge_0,src_edge_1,full_src_edge_0,full_src_edge_1,dst_content_0,att_dst_edge_0,dst_edge_0,full_dst_edge_0,att_edge_0,edge_0,full_edge_0,bias_0
0,1.0,1.0,1.0,-1.0960726737976074,-0.11315722018480301,-1.0960726737976074,-0.11315722018480301,,1.0,,,1.0,0.17021070420742035,0.17021070420742035,-1.0134358406066895
