,src_content_0,src_content_1,att_src_edge_0,src_edge_0,src_edge_1,full_src_edge_0,full_src_edge_1,dst_content_0,att_dst_edge_0,dst_edge_0,full_dst_edge_0,att_edge_0,edge_0,full_edge_0,bias_0
0,-0.23525471985340118,-0.02577023208141327,1.0,-0.43166062235832214,0.06258642673492432,-0.43166062235832214,0.06258642673492432,,1.0,,,1.0,-0.004350458271801472,-0.004350458271801472,-0.5956822633743286
