,train_avg_pred-true,train_avg_MAE,val_avg_pred-true,val_avg_MAE
0,0.7797917883333333,0.8053366916666668,0.682149753,0.682149753
