,src_content_0,src_content_1,att_src_edge_0,src_edge_0,src_edge_1,full_src_edge_0,full_src_edge_1,dst_content_0,att_dst_edge_0,dst_edge_0,full_dst_edge_0,att_edge_0,edge_0,full_edge_0,bias_0
0,0.050875380635261536,1.2529397010803223,1.0,0.27450618147850037,-1.566359519958496,0.27450618147850037,-1.566359519958496,,1.0,,,1.0,0.0356234647333622,0.0356234647333622,
