,src_content_0,src_content_1,att_src_edge_0,src_edge_0,src_edge_1,full_src_edge_0,full_src_edge_1,dst_content_0,att_dst_edge_0,dst_edge_0,full_dst_edge_0,att_edge_0,edge_0,full_edge_0,bias_0
0,1.0,1.0,1.0,-0.31063321232795715,-0.4264441728591919,-0.31063321232795715,-0.4264441728591919,,1.0,,,1.0,0.13068677484989166,0.13068677484989166,-1.152335286140442
