,train_avg_pred-true,train_avg_MAE,val_avg_pred-true,val_avg_MAE
0,0.7855974827272728,0.8992661772727275,0.33477268000000004,0.4598082600000001
