,src_content_0,att_src_edge_0,src_edge_0,full_src_edge_0,dst_content_0,att_dst_edge_0,dst_edge_0,full_dst_edge_0,att_edge_0,edge_0,full_edge_0,bias_0
0,0.9744630455970764,1.0,-1.2274234294891357,-1.2274234294891357,,1.0,,,1.0,0.9605990648269653,0.9605990648269653,-0.3944981098175049
