,train_avg_pred-true,train_avg_MAE,val_avg_pred-true,val_avg_MAE
0,1.0017307466666667,1.0017307466666667,1.2460101686666667,1.8015880979999999
