,src_content_0,att_src_edge_0,src_edge_0,full_src_edge_0,dst_content_0,att_dst_edge_0,dst_edge_0,full_dst_edge_0,att_edge_0,edge_0,full_edge_0,bias_0
0,0.6657364368438721,1.0,-1.1772397756576538,-1.1772397756576538,,1.0,,,1.0,1.0016417503356934,1.0016417503356934,-0.1983446478843689
