,train_avg_pred-true,train_avg_MAE,val_avg_pred-true,val_avg_MAE
0,1.632268919625,1.632268919625,1.5125271876666666,1.5125271876666666
