,param_0,param_1
0,-1.332307847490313,2.8597770966886653
