,src_content_0,att_src_edge_0,src_edge_0,full_src_edge_0,dst_content_0,att_dst_edge_0,dst_edge_0,full_dst_edge_0,att_edge_0,edge_0,full_edge_0,bias_0
0,1.0247670412063599,1.0,0.42344292998313904,0.42344292998313904,,1.0,,,1.0,1.058410882949829,1.058410882949829,0.0
