,src_content_0,src_content_1,att_src_edge_0,src_edge_0,src_edge_1,full_src_edge_0,full_src_edge_1,dst_content_0,att_dst_edge_0,dst_edge_0,full_dst_edge_0,att_edge_0,edge_0,full_edge_0,bias_0
0,1.0,1.0,1.0,-0.22775544226169586,-0.42909225821495056,-0.22775544226169586,-0.42909225821495056,,1.0,,,1.0,-0.009075612761080265,-0.009075612761080265,-1.116020679473877
