,param_0,param_1
0,-0.13581152278022987,1.034755834147997
