,param_0,param_1
0,-1.5739840220110217,2.0603301495605306
