,src_content_0,att_src_edge_0,src_edge_0,full_src_edge_0,dst_content_0,att_dst_edge_0,dst_edge_0,full_dst_edge_0,att_edge_0,edge_0,full_edge_0,bias_0
0,-0.5169389843940735,1.0,0.924608051776886,0.924608051776886,,1.0,,,1.0,-0.33175382018089294,-0.33175382018089294,-0.2728177011013031
