,src_content_0,att_src_edge_0,src_edge_0,full_src_edge_0,dst_content_0,att_dst_edge_0,dst_edge_0,full_dst_edge_0,att_edge_0,edge_0,full_edge_0,bias_0
0,-0.9182170033454895,1.0,0.8483278751373291,0.8483278751373291,,1.0,,,1.0,0.33384159207344055,0.33384159207344055,0.0
