,src_content_0,att_src_edge_0,src_edge_0,full_src_edge_0,dst_content_0,att_dst_edge_0,dst_edge_0,full_dst_edge_0,att_edge_0,edge_0,full_edge_0,bias_0
0,0.5726412534713745,1.0,-0.1875046044588089,-0.1875046044588089,,1.0,,,1.0,-0.7397087812423706,-0.7397087812423706,-0.776507556438446
