,param_0,param_1
0,-0.2220528611317386,1.2438971482210242
