,param_0,param_1
0,0.7789636086268286,1.46494770219475
