,src_content_0,src_content_1,att_src_edge_0,src_edge_0,src_edge_1,full_src_edge_0,full_src_edge_1,dst_content_0,att_dst_edge_0,dst_edge_0,full_dst_edge_0,att_edge_0,edge_0,full_edge_0,bias_0
0,-0.7207778692245483,0.17827573418617249,1.0,-0.8813043236732483,-0.8827944993972778,-0.8813043236732483,-0.8827944993972778,,1.0,,,1.0,0.5968349575996399,0.5968349575996399,-0.368329793214798
