,src_content_0,att_src_edge_0,src_edge_0,full_src_edge_0,dst_content_0,att_dst_edge_0,dst_edge_0,full_dst_edge_0,att_edge_0,edge_0,full_edge_0,bias_0
0,1.2296743392944336,1.0,-0.04798747971653938,-0.04798747971653938,,1.0,,,1.0,0.1769486665725708,0.1769486665725708,-0.7647690773010254
