,src_content_0,att_src_edge_0,src_edge_0,full_src_edge_0,dst_content_0,att_dst_edge_0,dst_edge_0,full_dst_edge_0,att_edge_0,edge_0,full_edge_0,bias_0
0,-0.9048091173171997,1.0,0.2719586491584778,0.2719586491584778,,1.0,,,1.0,0.11071527749300003,0.11071527749300003,-0.38869142532348633
