,src_content_0,att_src_edge_0,src_edge_0,full_src_edge_0,dst_content_0,att_dst_edge_0,dst_edge_0,full_dst_edge_0,att_edge_0,edge_0,full_edge_0,bias_0
0,0.12455449998378754,1.0,0.5834592580795288,0.5834592580795288,,1.0,,,1.0,-0.15076971054077148,-0.15076971054077148,-1.3336801528930664
