,src_content_0,src_content_1,att_src_edge_0,src_edge_0,src_edge_1,full_src_edge_0,full_src_edge_1,dst_content_0,att_dst_edge_0,dst_edge_0,full_dst_edge_0,att_edge_0,edge_0,full_edge_0,bias_0
0,0.33235183358192444,1.0753978490829468,1.0,-0.8794508576393127,-0.6895211338996887,-0.8794508576393127,-0.6895211338996887,,1.0,,,1.0,0.5845537781715393,0.5845537781715393,-0.728223979473114
