,src_content_0,src_content_1,att_src_edge_0,src_edge_0,src_edge_1,full_src_edge_0,full_src_edge_1,dst_content_0,att_dst_edge_0,dst_edge_0,full_dst_edge_0,att_edge_0,edge_0,full_edge_0,bias_0
0,1.0,1.0,1.0,-0.4245723485946655,-0.5246419310569763,-0.4245723485946655,-0.5246419310569763,,1.0,,,1.0,0.49803510308265686,0.49803510308265686,-0.7979079484939575
