,train_avg_pred-true,train_avg_MAE,val_avg_pred-true,val_avg_MAE
0,1.0217961545555556,1.1764100472222223,1.262960204,1.278085476
