,src_content_0,src_content_1,att_src_edge_0,src_edge_0,src_edge_1,full_src_edge_0,full_src_edge_1,dst_content_0,att_dst_edge_0,dst_edge_0,full_dst_edge_0,att_edge_0,edge_0,full_edge_0,bias_0
0,1.0,1.0,1.0,-0.3936896026134491,-1.1918084621429443,-0.3936896026134491,-1.1918084621429443,,1.0,,,1.0,0.16686078906059265,0.16686078906059265,-0.5246837139129639
