,src_content_0,att_src_edge_0,src_edge_0,full_src_edge_0,dst_content_0,att_dst_edge_0,dst_edge_0,full_dst_edge_0,att_edge_0,edge_0,full_edge_0,bias_0
0,1.0,1.0,-1.5783225297927856,-1.5783225297927856,,1.0,,,1.0,0.5216142535209656,0.5216142535209656,0.20622184872627258
